image_id,filename,label,x,y,width,height,Class,,,,,
1,E:/Project_Yelloskye\1.jpg,Object,157,40,245,477,Chimney,,,,,
2,E:/Project_Yelloskye\2.jpg,Object,144,48,265,466,Chimney,,,,,
3,E:/Project_Yelloskye\3.jpg,Object,167,46,218,479,Chimney,,,,,
4,E:/Project_Yelloskye\4.jpg,Object,149,45,243,471,Chimney,,,,,
5,E:/Project_Yelloskye\5.jpg,Object,166,46,219,467,Chimney,,,,,
6,E:/Project_Yelloskye\6.jpg,Object,157,49,263,464,Chimney,,,,,
7,E:/Project_Yelloskye\7.jpg,Object,160,50,224,472,Chimney,,,,,
8,E:/Project_Yelloskye\8.jpg,Object,160,51,228,468,Chimney,,,,,
9,E:/Project_Yelloskye\9.jpg,Object,161,49,227,466,Chimney,,,,,
10,E:/Project_Yelloskye\10.jpg,Object,166,44,220,472,Chimney,,,,,
11,E:/Project_Yelloskye\11.jpg,Object,182,17,243,355,Chimney,,,,,
12,E:/Project_Yelloskye\12.jpg,Object,176,24,266,344,Chimney,,,,,
13,E:/Project_Yelloskye\13.jpg,Object,174,21,248,346,Chimney,,,,,
14,E:/Project_Yelloskye\14.jpg,Object,168,17,270,354,Chimney,,,,,
15,E:/Project_Yelloskye\15.jpg,Object,172,22,240,353,Chimney,,,,,
16,E:/Project_Yelloskye\16.jpg,Object,174,15,250,359,Chimney,,,,,
17,E:/Project_Yelloskye\17.jpg,Object,178,17,247,356,Chimney,,,,,
18,E:/Project_Yelloskye\18.jpg,Object,172,24,256,346,Chimney,,,,,
19,E:/Project_Yelloskye\19.jpg,Object,176,22,267,352,Chimney,,,,,
20,E:/Project_Yelloskye\20.jpg,Object,162,17,265,355,Chimney,,,,,
21,E:/Project_Yelloskye\21.jpg,Object,178,12,258,357,Chimney,,,,,
22,E:/Project_Yelloskye\22.jpg,Object,168,16,276,360,Chimney,,,,,
23,E:/Project_Yelloskye\23.jpg,Object,178,11,243,366,Chimney,,,,,
24,E:/Project_Yelloskye\24.jpg,Object,175,17,253,356,Chimney,,,,,
25,E:/Project_Yelloskye\25.jpg,Object,183,16,238,364,Chimney,,,,,
26,E:/Project_Yelloskye\26.jpg,Object,181,19,239,350,Chimney,,,,,
27,E:/Project_Yelloskye\27.jpg,Object,187,22,234,348,Chimney,,,,,
28,E:/Project_Yelloskye\28.jpg,Object,186,15,237,355,Chimney,,,,,
29,E:/Project_Yelloskye\29.jpg,Object,185,22,231,345,Chimney,,,,,
30,E:/Project_Yelloskye\30.jpg,Object,187,17,231,356,Chimney,,,,,
31,E:/Project_Yelloskye\31.jpg,Object,177,18,244,355,Chimney,,,,,
32,E:/Project_Yelloskye\32.jpg,Object,181,18,247,353,Chimney,,,,,
33,E:/Project_Yelloskye\33.jpg,Object,184,27,246,339,Chimney,,,,,
34,E:/Project_Yelloskye\34.jpg,Object,182,22,234,352,Chimney,,,,,
35,E:/Project_Yelloskye\35.jpg,Object,185,24,244,345,Chimney,,,,,
36,E:/Project_Yelloskye\36.jpg,Object,172,16,268,354,Chimney,,,,,
37,E:/Project_Yelloskye\37.jpg,Object,147,64,374,483,Chimney,,,,,
38,E:/Project_Yelloskye\38.jpg,Object,239,20,204,440,Chimney,,,,,
39,E:/Project_Yelloskye\39.jpg,Object,228,11,227,452,Chimney,,,,,
40,E:/Project_Yelloskye\40.jpg,Object,220,15,247,446,Chimney,,,,,
41,E:/Project_Yelloskye\41.jpg,Object,155,38,239,479,Chimney,,,,,
42,E:/Project_Yelloskye\42.jpg,Object,237,18,214,446,Chimney,,,,,
43,E:/Project_Yelloskye\43.jpg,Object,232,19,241,443,Chimney,,,,,
44,E:/Project_Yelloskye\44.jpg,Object,228,15,229,447,Chimney,,,,,
45,E:/Project_Yelloskye\45.jpg,Object,244,15,205,449,Chimney,,,,,
46,E:/Project_Yelloskye\46.jpg,Object,249,14,190,447,Chimney,,,,,
47,E:/Project_Yelloskye\47.jpg,Object,231,10,216,456,Chimney,,,,,
48,E:/Project_Yelloskye\48.jpg,Object,229,22,229,443,Chimney,,,,,
49,E:/Project_Yelloskye\49.jpg,Object,240,16,201,446,Chimney,,,,,
50,E:/Project_Yelloskye\50.jpg,Object,248,23,189,439,Chimney,,,,,
51,E:/Project_Yelloskye\51.jpg,Object,245,27,200,433,Chimney,,,,,
52,E:/Project_Yelloskye\52.jpg,Object,162,53,225,470,Chimney,,,,,
53,E:/Project_Yelloskye\53.jpg,Object,248,13,204,452,Chimney,,,,,
54,E:/Project_Yelloskye\54.jpg,Object,247,20,200,444,Chimney,,,,,
55,E:/Project_Yelloskye\55.jpg,Object,252,19,202,445,Chimney,,,,,
56,E:/Project_Yelloskye\56.jpg,Object,526,87,230,317,Chimney,,,,,
57,E:/Project_Yelloskye\57.jpg,Object,529,112,217,291,Chimney,,,,,
58,E:/Project_Yelloskye\58.jpg,Object,496,90,277,323,Chimney,,,,,
59,E:/Project_Yelloskye\59.jpg,Object,494,86,289,331,Chimney,,,,,
60,E:/Project_Yelloskye\60.jpg,Object,519,92,240,322,Chimney,,,,,
61,E:/Project_Yelloskye\61.jpg,Object,501,100,259,302,Chimney,,,,,
62,E:/Project_Yelloskye\62.jpg,Object,513,84,253,326,Chimney,,,,,
63,E:/Project_Yelloskye\63.jpg,Object,151,37,259,480,Chimney,,,,,
64,E:/Project_Yelloskye\64.jpg,Object,521,105,232,303,Chimney,,,,,
65,E:/Project_Yelloskye\65.jpg,Object,518,96,252,306,Chimney,,,,,
66,E:/Project_Yelloskye\66.jpg,Object,512,89,257,315,Chimney,,,,,
67,E:/Project_Yelloskye\67.jpg,Object,516,80,255,331,Chimney,,,,,
68,E:/Project_Yelloskye\68.jpg,Object,521,106,254,302,Chimney,,,,,
69,E:/Project_Yelloskye\69.jpg,Object,514,91,270,313,Chimney,,,,,
70,E:/Project_Yelloskye\70.jpg,Object,505,83,271,322,Chimney,,,,,
71,E:/Project_Yelloskye\71.jpg,Object,514,99,242,310,Chimney,,,,,
72,E:/Project_Yelloskye\72.jpg,Object,523,102,229,315,Chimney,,,,,
73,E:/Project_Yelloskye\73.jpg,Object,523,104,256,299,Chimney,,,,,
74,E:/Project_Yelloskye\74.jpg,Object,161,49,247,470,Chimney,,,,,
75,E:/Project_Yelloskye\75.jpg,Object,534,88,220,319,Chimney,,,,,
76,E:/Project_Yelloskye\76.jpg,Object,151,52,241,465,Chimney,,,,,
77,E:/Project_Yelloskye\77.jpg,Object,16,8,199,208,Concrete,,,,,
78,E:/Project_Yelloskye\78.jpg,Object,13,12,203,199,Concrete,,,,,
79,E:/Project_Yelloskye\79.jpg,Object,22,11,187,200,Concrete,,,,,
80,E:/Project_Yelloskye\80.jpg,Object,50,12,158,191,Concrete,,,,,
81,E:/Project_Yelloskye\81.jpg,Object,18,14,194,194,Concrete,,,,,
82,E:/Project_Yelloskye\82.jpg,Object,18,11,192,203,Concrete,,,,,
83,E:/Project_Yelloskye\83.jpg,Object,20,17,178,200,Concrete,,,,,
84,E:/Project_Yelloskye\84.jpg,Object,41,16,158,182,Concrete,,,,,
85,E:/Project_Yelloskye\85.jpg,Object,14,14,202,193,Concrete,,,,,
86,E:/Project_Yelloskye\86.jpg,Object,32,16,180,191,Concrete,,,,,
87,E:/Project_Yelloskye\87.jpg,Object,22,14,169,183,Concrete,,,,,
88,E:/Project_Yelloskye\88.jpg,Object,29,17,163,196,Concrete,,,,,
89,E:/Project_Yelloskye\89.jpg,Object,27,17,158,194,Concrete,,,,,
90,E:/Project_Yelloskye\90.jpg,Object,22,16,179,190,Concrete,,,,,
91,E:/Project_Yelloskye\91.jpg,Object,21,15,168,182,Concrete,,,,,
92,E:/Project_Yelloskye\92.jpg,Object,24,11,141,191,Concrete,,,,,
93,E:/Project_Yelloskye\93.jpg,Object,27,14,131,194,Concrete,,,,,
94,E:/Project_Yelloskye\94.jpg,Object,20,16,185,185,Concrete,,,,,
95,E:/Project_Yelloskye\95.jpg,Object,24,16,175,188,Concrete,,,,,
96,E:/Project_Yelloskye\96.jpg,Object,19,12,179,187,Concrete,,,,,
97,E:/Project_Yelloskye\97.jpg,Object,22,15,185,192,Concrete,,,,,
98,E:/Project_Yelloskye\98.jpg,Object,24,21,179,190,Concrete,,,,,
99,E:/Project_Yelloskye\99.jpg,Object,27,21,192,190,Concrete,,,,,
100,E:/Project_Yelloskye\100.jpg,Object,43,18,171,188,Concrete,,,,,
101,E:/Project_Yelloskye\101.jpg,Object,24,15,192,188,Concrete,,,,,
102,E:/Project_Yelloskye\103.jpg,Object,20,18,181,190,Concrete,,,,,
103,E:/Project_Yelloskye\104.jpg,Object,16,18,192,188,Concrete,,,,,
104,E:/Project_Yelloskye\105.jpg,Object,28,30,153,169,Concrete,,,,,
105,E:/Project_Yelloskye\106.jpg,Object,21,21,189,179,Concrete,,,,,
106,E:/Project_Yelloskye\107.jpg,Object,31,29,150,164,Concrete,,,,,
107,E:/Project_Yelloskye\108.jpg,Object,20,24,185,155,Concrete,,,,,
108,E:/Project_Yelloskye\109.jpg,Object,30,42,171,161,Concrete,,,,,
109,E:/Project_Yelloskye\110.jpg,Object,38,33,160,154,Concrete,,,,,
110,E:/Project_Yelloskye\111.jpg,Object,34,37,163,160,Concrete,,,,,
111,E:/Project_Yelloskye\112.jpg,Object,61,33,142,153,Concrete,,,,,
112,E:/Project_Yelloskye\113.jpg,Object,18,37,187,153,Concrete,,,,,
113,E:/Project_Yelloskye\114.jpg,Object,22,48,179,153,Concrete,,,,,
114,E:/Project_Yelloskye\115.jpg,Object,29,38,172,168,Concrete,,,,,
115,E:/Project_Yelloskye\116.jpg,Object,14,37,185,165,Concrete,,,,,
116,E:/Project_Yelloskye\117.jpg,Object,23,37,176,166,Concrete,,,,,
117,E:/Project_Yelloskye\118.jpg,Object,41,50,158,137,Concrete,,,,,
118,E:/Project_Yelloskye\119.jpg,Object,35,44,157,166,Concrete,,,,,
119,E:/Project_Yelloskye\120.jpg,Object,26,28,175,181,Concrete,,,,,
120,E:/Project_Yelloskye\121.jpg,Object,34,48,178,161,Concrete,,,,,
121,E:/Project_Yelloskye\122.jpg,Object,37,55,160,142,Concrete,,,,,
122,E:/Project_Yelloskye\123.jpg,Object,38,30,141,110,Concrete,,,,,
123,E:/Project_Yelloskye\124.jpg,Object,24,49,172,151,Concrete,,,,,
124,E:/Project_Yelloskye\125.jpg,Object,35,47,160,150,Concrete,,,,,
125,E:/Project_Yelloskye\126.jpg,Object,42,45,156,149,Concrete,,,,,
126,E:/Project_Yelloskye\127.jpg,Object,30,53,179,152,Concrete,,,,,
127,E:/Project_Yelloskye\128.jpg,Object,38,66,162,127,Concrete,,,,,
128,E:/Project_Yelloskye\129.jpg,Object,61,44,115,155,Concrete,,,,,
129,E:/Project_Yelloskye\130.jpg,Object,45,31,158,169,Concrete,,,,,
130,E:/Project_Yelloskye\131.jpg,Object,44,28,161,176,Concrete,,,,,
131,E:/Project_Yelloskye\133.jpg,Object,26,18,188,190,Concrete,,,,,
132,E:/Project_Yelloskye\134.jpg,Object,27,14,181,190,Concrete,,,,,
133,E:/Project_Yelloskye\135.jpg,Object,36,25,175,185,Concrete,,,,,
134,E:/Project_Yelloskye\136.jpg,Object,18,18,194,189,Concrete,,,,,
135,E:/Project_Yelloskye\137.jpg,Object,137,15,367,366,Concrete,,,,,
136,E:/Project_Yelloskye\138.jpg,Object,145,16,350,362,Concrete,,,,,
137,E:/Project_Yelloskye\139.jpg,Object,155,17,334,359,Construction Worker,,,,,
138,E:/Project_Yelloskye\140.jpg,Object,27,13,561,371,Construction Worker,,,,,
139,E:/Project_Yelloskye\141.jpg,Object,58,19,516,361,Construction Worker,,,,,
140,E:/Project_Yelloskye\142.jpg,Object,64,16,514,364,Construction Worker,,,,,
141,E:/Project_Yelloskye\143.jpg,Object,55,17,523,357,Construction Worker,,,,,
142,E:/Project_Yelloskye\144.jpg,Object,87,18,491,360,Construction Worker,,,,,
143,E:/Project_Yelloskye\145.jpg,Object,105,18,473,362,Construction Worker,,,,,
144,E:/Project_Yelloskye\146.jpg,Object,152,76,280,420,Construction Worker,,,,,
145,E:/Project_Yelloskye\147.jpg,Object,193,81,220,413,Construction Worker,,,,,
146,E:/Project_Yelloskye\148.jpg,Object,210,95,208,398,Construction Worker,,,,,
147,E:/Project_Yelloskye\149.jpg,Object,218,103,201,392,Construction Worker,,,,,
148,E:/Project_Yelloskye\150.jpg,Object,214,105,205,386,Construction Worker,,,,,
149,E:/Project_Yelloskye\151.jpg,Object,213,95,201,399,Construction Worker,,,,,
150,E:/Project_Yelloskye\152.jpg,Object,40,11,97,131,Construction Worker,,,,,
151,E:/Project_Yelloskye\153.jpg,Object,43,18,98,124,Construction Worker,,,,,
152,E:/Project_Yelloskye\154.jpg,Object,39,9,105,133,Construction Worker,,,,,
153,E:/Project_Yelloskye\155.jpg,Object,46,10,93,134,Construction Worker,,,,,
154,E:/Project_Yelloskye\156.jpg,Object,40,10,110,137,Construction Worker,,,,,
155,E:/Project_Yelloskye\157.jpg,Object,44,14,93,134,Construction Worker,,,,,
156,E:/Project_Yelloskye\158.jpg,Object,46,13,94,127,Construction Worker,,,,,
157,E:/Project_Yelloskye\159.jpg,Object,23,7,156,141,Construction Worker,,,,,
158,E:/Project_Yelloskye\160.jpg,Object,30,12,152,135,Construction Worker,,,,,
159,E:/Project_Yelloskye\161.jpg,Object,28,11,145,133,Construction Worker,,,,,
160,E:/Project_Yelloskye\162.jpg,Object,33,14,137,130,Construction Worker,,,,,
161,E:/Project_Yelloskye\163.jpg,Object,26,16,154,128,Construction Worker,,,,,
162,E:/Project_Yelloskye\164.jpg,Object,32,19,146,127,Construction Worker,,,,,
163,E:/Project_Yelloskye\165.jpg,Object,47,104,439,163,Construction Worker,,,,,
164,E:/Project_Yelloskye\166.jpg,Object,42,89,448,172,Construction Worker,,,,,
165,E:/Project_Yelloskye\167.jpg,Object,32,70,462,189,Earth Mover,,,,,
166,E:/Project_Yelloskye\168.jpg,Object,45,57,446,204,Earth Mover,,,,,
167,E:/Project_Yelloskye\169.jpg,Object,34,75,454,188,Earth Mover,,,,,
168,E:/Project_Yelloskye\170.jpg,Object,36,70,458,185,Earth Mover,,,,,
169,E:/Project_Yelloskye\171.jpg,Object,37,58,456,193,Earth Mover,,,,,
170,E:/Project_Yelloskye\172.jpg,Object,7,9,235,229,Earth Mover,,,,,
171,E:/Project_Yelloskye\173.jpg,Object,7,11,229,227,Earth Mover,,,,,
172,E:/Project_Yelloskye\174.jpg,Object,19,19,217,213,Earth Mover,,,,,
173,E:/Project_Yelloskye\175.jpg,Object,9,12,224,215,Earth Mover,,,,,
174,E:/Project_Yelloskye\176.jpg,Object,9,14,222,206,Earth Mover,,,,,
175,E:/Project_Yelloskye\177.jpg,Object,12,16,223,207,Earth Mover,,,,,
176,E:/Project_Yelloskye\178.jpg,Object,17,17,217,219,Earth Mover,,,,,
177,E:/Project_Yelloskye\179.jpg,Object,8,20,227,205,Earth Mover,,,,,
178,E:/Project_Yelloskye\180.jpg,Object,9,13,224,204,Earth Mover,,,,,
179,E:/Project_Yelloskye\181.jpg,Object,16,14,217,212,Earth Mover,,,,,
180,E:/Project_Yelloskye\182.jpg,Object,9,15,225,214,Earth Mover,,,,,
181,E:/Project_Yelloskye\183.jpg,Object,11,18,221,206,Earth Mover,,,,,
182,E:/Project_Yelloskye\184.jpg,Object,16,8,730,634,Earth Mover,,,,,
183,E:/Project_Yelloskye\185.jpg,Object,26,6,172,128,Earth Mover,,,,,
184,E:/Project_Yelloskye\186.jpg,Object,36,8,167,129,Earth Mover,,,,,
185,E:/Project_Yelloskye\187.jpg,Object,36,11,172,128,Electric Generator,,,,,
186,E:/Project_Yelloskye\188.jpg,Object,258,42,451,357,Electric Generator,,,,,
187,E:/Project_Yelloskye\189.jpg,Object,289,48,418,357,Electric Generator,,,,,
188,E:/Project_Yelloskye\190.jpg,Object,321,73,393,318,Electric Generator,,,,,
189,E:/Project_Yelloskye\191.jpg,Object,311,63,396,338,Electric Generator,,,,,
190,E:/Project_Yelloskye\192.jpg,Object,302,54,409,357,Electric Generator,,,,,
191,E:/Project_Yelloskye\193.jpg,Object,297,56,412,334,Electric Generator,,,,,
192,E:/Project_Yelloskye\194.jpg,Object,15,72,316,286,Electric Generator,,,,,
193,E:/Project_Yelloskye\195.jpg,Object,12,51,325,290,Electric Generator,,,,,
194,E:/Project_Yelloskye\196.jpg,Object,10,54,316,307,Electric Generator,,,,,
195,E:/Project_Yelloskye\197.jpg,Object,9,46,358,360,Electric Generator,,,,,
196,E:/Project_Yelloskye\198.jpg,Object,12,33,336,352,Electric Generator,,,,,
197,E:/Project_Yelloskye\199.jpg,Object,14,37,337,345,Electric Generator,,,,,
198,E:/Project_Yelloskye\200.jpg,Object,17,55,333,335,Electric Generator,,,,,
199,E:/Project_Yelloskye\201.jpg,Object,20,65,322,314,Electric Generator,,,,,
200,E:/Project_Yelloskye\202.jpg,Object,26,29,183,101,Electric Generator,,,,,
201,E:/Project_Yelloskye\203.jpg,Object,17,19,271,169,Electric Generator,,,,,
202,E:/Project_Yelloskye\204.jpg,Object,12,17,280,168,Electric Generator,,,,,
203,E:/Project_Yelloskye\205.jpg,Object,16,18,279,157,Electric Generator,,,,,
204,E:/Project_Yelloskye\206.jpg,Object,14,17,278,169,Electric Generator,,,,,
205,E:/Project_Yelloskye\207.jpg,Object,20,16,271,178,Electric Generator,,,,,
206,E:/Project_Yelloskye\208.jpg,Object,23,13,266,187,Electric Generator,,,,,
207,E:/Project_Yelloskye\209.jpg,Object,23,22,468,312,Electric Generator,,,,,
208,E:/Project_Yelloskye\210.jpg,Object,16,51,258,83,Electric Generator,,,,,
209,E:/Project_Yelloskye\211.jpg,Object,25,48,253,87,Electric Generator,,,,,
210,E:/Project_Yelloskye\213.jpg,Object,30,41,217,96,Exacavated Pit,,,,,
211,E:/Project_Yelloskye\214.jpg,Object,58,54,198,87,Exacavated Pit,,,,,
212,E:/Project_Yelloskye\215.jpg,Object,51,46,213,94,Exacavated Pit,,,,,
213,E:/Project_Yelloskye\216.jpg,Object,10,14,302,296,Exacavated Pit,,,,,
214,E:/Project_Yelloskye\217.jpg,Object,21,13,288,289,Exacavated Pit,,,,,
215,E:/Project_Yelloskye\218.jpg,Object,18,18,290,283,Exacavated Pit,,,,,
216,E:/Project_Yelloskye\219.jpg,Object,19,19,289,281,Exacavated Pit,,,,,
217,E:/Project_Yelloskye\220.jpg,Object,10,17,303,294,Exacavated Pit,,,,,
218,E:/Project_Yelloskye\221.jpg,Object,17,14,296,292,Exacavated Pit,,,,,
219,E:/Project_Yelloskye\222.jpg,Object,20,12,289,294,Exacavated Pit,,,,,
220,E:/Project_Yelloskye\223.jpg,Object,14,16,300,295,Exacavated Pit,,,,,
221,E:/Project_Yelloskye\224.jpg,Object,18,19,295,291,Exacavated Pit,,,,,
222,E:/Project_Yelloskye\225.jpg,Object,14,15,301,298,Exacavated Pit,,,,,
223,E:/Project_Yelloskye\226.jpg,Object,15,9,589,390,Exacavated Pit,,,,,
224,E:/Project_Yelloskye\227.jpg,Object,16,13,585,387,Exacavated Pit,,,,,
225,E:/Project_Yelloskye\228.jpg,Object,13,11,589,382,Exacavated Pit,,,,,
226,E:/Project_Yelloskye\229.jpg,Object,14,14,586,378,Exacavated Pit,,,,,
227,E:/Project_Yelloskye\230.jpg,Object,7,14,594,381,Exacavated Pit,,,,,
228,E:/Project_Yelloskye\231.jpg,Object,10,12,591,378,Exacavated Pit,,,,,
229,E:/Project_Yelloskye\232.jpg,Object,12,10,588,387,Exacavated Pit,,,,,
230,E:/Project_Yelloskye\233.jpg,Object,13,119,830,505,Exacavated Pit,,,,,
231,E:/Project_Yelloskye\234.jpg,Object,9,98,832,527,Exacavated Pit,,,,,
232,E:/Project_Yelloskye\235.jpg,Object,11,91,827,530,Exacavated Pit,,,,,
233,E:/Project_Yelloskye\236.jpg,Object,72,40,57,48,Exacavated Pit,,,,,
234,E:/Project_Yelloskye\237.jpg,Object,71,44,53,58,Exacavated Pit,,,,,
235,E:/Project_Yelloskye\238.jpg,Object,70,42,59,59,Exacavated Pit,,,,,
236,E:/Project_Yelloskye\239.jpg,Object,74,44,42,55,Land,,,,,
237,E:/Project_Yelloskye\240.jpg,Object,79,49,45,54,Land,,,,,
238,E:/Project_Yelloskye\241.jpg,Object,57,53,53,66,Land,,,,,
239,E:/Project_Yelloskye\242.jpg,Object,51,46,60,80,Land,,,,,
240,E:/Project_Yelloskye\243.jpg,Object,49,48,67,81,Land,,,,,
241,E:/Project_Yelloskye\244.jpg,Object,44,45,65,79,Land,,,,,
242,E:/Project_Yelloskye\245.jpg,Object,47,46,71,80,Land,,,,,
243,E:/Project_Yelloskye\246.jpg,Object,10,12,69,69,Land,,,,,
244,E:/Project_Yelloskye\247.jpg,Object,9,18,68,57,Land,,,,,
245,E:/Project_Yelloskye\248.jpg,Object,7,18,76,63,Land,,,,,
246,E:/Project_Yelloskye\249.jpg,Object,7,23,77,61,Land,,,,,
247,E:/Project_Yelloskye\250.jpg,Object,10,20,72,61,Land,,,,,
248,E:/Project_Yelloskye\251.jpg,Object,29,23,217,142,Land,,,,,
249,E:/Project_Yelloskye\252.jpg,Object,35,31,214,130,Land,,,,,
250,E:/Project_Yelloskye\253.jpg,Object,54,23,193,135,Land,,,,,
251,E:/Project_Yelloskye\254.jpg,Object,37,31,213,130,Power Lines,,,,,
252,E:/Project_Yelloskye\255.jpg,Object,45,20,210,141,Power Lines,,,,,
253,E:/Project_Yelloskye\256.jpg,Object,49,30,195,130,Power Lines,,,,,
254,E:/Project_Yelloskye\257.jpg,Object,46,33,196,126,Power Lines,,,,,
255,E:/Project_Yelloskye\258.jpg,Object,48,32,199,124,Power Lines,,,,,
256,E:/Project_Yelloskye\259.jpg,Object,41,20,219,143,Power Lines,,,,,
257,E:/Project_Yelloskye\260.jpg,Object,46,29,205,128,Power Lines,,,,,
258,E:/Project_Yelloskye\261.jpg,Object,42,26,208,129,Power Lines,,,,,
259,E:/Project_Yelloskye\262.jpg,Object,48,26,199,137,Power Lines,,,,,
260,E:/Project_Yelloskye\263.jpg,Object,49,22,192,137,Power Lines,,,,,
261,E:/Project_Yelloskye\264.jpg,Object,39,28,212,130,Power Lines,,,,,
262,E:/Project_Yelloskye\265.jpg,Object,50,24,192,142,Power Lines,,,,,
263,E:/Project_Yelloskye\266.jpg,Object,48,24,209,140,Power Lines,,,,,
264,E:/Project_Yelloskye\267.jpg,Object,50,16,202,155,Power Lines,,,,,
265,E:/Project_Yelloskye\268.jpg,Object,37,25,215,138,Power Lines,,,,,
266,E:/Project_Yelloskye\269.jpg,Object,41,26,214,136,Power Lines,,,,,
267,E:/Project_Yelloskye\270.jpg,Object,48,32,200,136,Power Lines,,,,,
268,E:/Project_Yelloskye\271.jpg,Object,40,35,221,127,Power Lines,,,,,
269,E:/Project_Yelloskye\272.jpg,Object,44,27,212,133,Power Lines,,,,,
270,E:/Project_Yelloskye\273.jpg,Object,39,26,237,133,Power Lines,,,,,
271,E:/Project_Yelloskye\274.jpg,Object,44,34,202,126,Power Lines,,,,,
272,E:/Project_Yelloskye\275.jpg,Object,49,25,209,141,Power Lines,,,,,
273,E:/Project_Yelloskye\276.jpg,Object,53,21,194,150,Power Lines,,,,,
274,E:/Project_Yelloskye\277.jpg,Object,41,25,211,137,Power Lines,,,,,
275,E:/Project_Yelloskye\278.jpg,Object,29,23,547,295,Power Lines,,,,,
276,E:/Project_Yelloskye\279.jpg,Object,38,13,213,157,Power Lines,,,,,
277,E:/Project_Yelloskye\280.jpg,Object,83,16,164,157,Power Lines,,,,,
278,E:/Project_Yelloskye\281.jpg,Object,83,24,171,144,Power Lines,,,,,
279,E:/Project_Yelloskye\282.jpg,Object,63,12,190,157,Power Lines,,,,,
280,E:/Project_Yelloskye\283.jpg,Object,73,12,175,158,Power Lines,,,,,
281,E:/Project_Yelloskye\284.jpg,Object,86,16,167,155,Power Lines,,,,,
282,E:/Project_Yelloskye\285.jpg,Object,97,17,153,155,Power Lines,,,,,
283,E:/Project_Yelloskye\286.jpg,Object,104,15,125,156,Power Lines,,,,,
284,E:/Project_Yelloskye\287.jpg,Object,97,13,156,156,Power Lines,,,,,
285,E:/Project_Yelloskye\288.jpg,Object,82,15,166,153,Power Lines,,,,,
286,E:/Project_Yelloskye\289.jpg,Object,115,15,112,160,Power Lines,,,,,
287,E:/Project_Yelloskye\290.jpg,Object,70,16,183,155,Power Lines,,,,,
288,E:/Project_Yelloskye\291.jpg,Object,75,15,177,159,Power Lines,,,,,
289,E:/Project_Yelloskye\292.jpg,Object,92,19,151,152,Power Lines,,,,,
290,E:/Project_Yelloskye\293.jpg,Object,79,15,170,156,Power Lines,,,,,
291,E:/Project_Yelloskye\294.jpg,Object,82,16,169,154,Power Lines,,,,,
292,E:/Project_Yelloskye\295.jpg,Object,107,16,135,159,Power Lines,,,,,
293,E:/Project_Yelloskye\296.jpg,Object,23,15,567,315,Power Lines,,,,,
294,E:/Project_Yelloskye\297.jpg,Object,38,15,552,314,Power Lines,,,,,
295,E:/Project_Yelloskye\298.jpg,Object,33,15,552,312,Power Lines,,,,,
296,E:/Project_Yelloskye\299.jpg,Object,11,4,199,212,Power Lines,,,,,
297,E:/Project_Yelloskye\300.jpg,Object,17,13,196,185,Power Lines,,,,,
298,E:/Project_Yelloskye\301.jpg,Object,30,19,156,187,Power Lines,,,,,
299,E:/Project_Yelloskye\302.jpg,Object,68,15,97,162,Residential (Bathroom),,,,,
300,E:/Project_Yelloskye\303.jpg,Object,28,50,159,127,Residential (Bathroom),,,,,
301,E:/Project_Yelloskye\304.jpg,Object,21,25,195,189,Residential (Bathroom),,,,,
302,E:/Project_Yelloskye\305.jpg,Object,19,36,196,162,Residential (Bathroom),,,,,
303,E:/Project_Yelloskye\306.jpg,Object,34,32,127,166,Residential (Bathroom),,,,,
304,E:/Project_Yelloskye\307.jpg,Object,15,34,194,170,Residential (Bathroom),,,,,
305,E:/Project_Yelloskye\308.jpg,Object,19,30,196,185,Residential (Bathroom),,,,,
306,E:/Project_Yelloskye\309.jpg,Object,40,40,146,147,Residential (Bathroom),,,,,
307,E:/Project_Yelloskye\310.jpg,Object,14,71,205,140,Residential (Bathroom),,,,,
308,E:/Project_Yelloskye\311.jpg,Object,40,22,99,185,Residential (Bathroom),,,,,
309,E:/Project_Yelloskye\312.jpg,Object,22,19,183,200,Residential (Bathroom),,,,,
310,E:/Project_Yelloskye\313.jpg,Object,70,28,92,191,Residential (Bathroom),,,,,
311,E:/Project_Yelloskye\314.jpg,Object,14,34,195,170,Residential (Bathroom),,,,,
312,E:/Project_Yelloskye\315.jpg,Object,8,93,208,107,Residential (Bathroom),,,,,
313,E:/Project_Yelloskye\316.jpg,Object,18,66,194,96,Residential (Bathroom),,,,,
314,E:/Project_Yelloskye\317.jpg,Object,19,4,187,217,Residential (Bathroom),,,,,
315,E:/Project_Yelloskye\318.jpg,Object,17,31,197,187,Residential (Bathroom),,,,,
316,E:/Project_Yelloskye\319.jpg,Object,5,68,133,70,Residential (Bathroom),,,,,
317,E:/Project_Yelloskye\320.jpg,Object,17,58,168,153,Residential (Bathroom),,,,,
318,E:/Project_Yelloskye\321.jpg,Object,26,98,123,103,Residential (Bathroom),,,,,
319,E:/Project_Yelloskye\322.jpg,Object,18,65,135,126,Residential (Bathroom),,,,,
320,E:/Project_Yelloskye\323.jpg,Object,22,41,154,157,Residential (Bathroom),,,,,
321,E:/Project_Yelloskye\324.jpg,Object,20,28,184,166,Residential (Bathroom),,,,,
322,E:/Project_Yelloskye\325.jpg,Object,28,13,176,201,Residential (Bathroom),,,,,
323,E:/Project_Yelloskye\326.jpg,Object,22,54,137,139,Residential (Bathroom),,,,,
324,E:/Project_Yelloskye\327.jpg,Object,44,55,128,146,Residential (Bathroom),,,,,
325,E:/Project_Yelloskye\328.jpg,Object,18,33,193,168,Residential (Bathroom),,,,,
326,E:/Project_Yelloskye\329.jpg,Object,19,30,192,184,Residential (Bathroom),,,,,
327,E:/Project_Yelloskye\330.jpg,Object,32,61,143,122,Residential (Bathroom),,,,,
328,E:/Project_Yelloskye\331.jpg,Object,60,62,151,140,Residential (Bathroom),,,,,
329,E:/Project_Yelloskye\332.jpg,Object,27,20,186,187,Residential (Bathroom),,,,,
330,E:/Project_Yelloskye\333.jpg,Object,11,28,194,177,Residential (Bathroom),,,,,
331,E:/Project_Yelloskye\334.jpg,Object,20,57,139,145,Residential (Bathroom),,,,,
332,E:/Project_Yelloskye\335.jpg,Object,55,20,164,191,Residential (Bathroom),,,,,
333,E:/Project_Yelloskye\336.jpg,Object,32,18,184,195,Residential (Bathroom),,,,,
334,E:/Project_Yelloskye\337.jpg,Object,24,21,185,184,Residential (Bathroom),,,,,
335,E:/Project_Yelloskye\338.jpg,Object,68,26,109,193,Residential (Bathroom),,,,,
336,E:/Project_Yelloskye\339.jpg,Object,18,41,194,165,Residential (Bathroom),,,,,
337,E:/Project_Yelloskye\340.jpg,Object,16,59,203,150,Residential (Bathroom),,,,,
338,E:/Project_Yelloskye\341.jpg,Object,16,66,183,146,Residential (Bathroom),,,,,
339,E:/Project_Yelloskye\342.jpg,Object,22,12,196,203,Residential (Bathroom),,,,,
340,E:/Project_Yelloskye\343.jpg,Object,28,44,181,165,Residential (Bathroom),,,,,
341,E:/Project_Yelloskye\344.jpg,Object,44,43,165,163,Residential (Bathroom),,,,,
342,E:/Project_Yelloskye\345.jpg,Object,10,29,207,176,Residential (Bathroom),,,,,
343,E:/Project_Yelloskye\346.jpg,Object,17,68,200,140,Residential (Bathroom),,,,,
344,E:/Project_Yelloskye\347.jpg,Object,20,68,189,145,Residential (Bathroom),,,,,
345,E:/Project_Yelloskye\348.jpg,Object,38,31,178,183,Residential (Bathroom),,,,,
346,E:/Project_Yelloskye\349.jpg,Object,25,86,146,114,Residential (Bathroom),,,,,
347,E:/Project_Yelloskye\350.jpg,Object,12,16,208,197,Residential (Bathroom),,,,,
348,E:/Project_Yelloskye\351.jpg,Object,20,33,185,165,Residential (Bathroom),,,,,
349,E:/Project_Yelloskye\352.jpg,Object,10,24,203,195,Residential (Bathroom),,,,,
350,E:/Project_Yelloskye\353.jpg,Object,30,33,171,166,Residential (Bathroom),,,,,
351,E:/Project_Yelloskye\354.jpg,Object,35,36,172,172,Residential (Bathroom),,,,,
352,E:/Project_Yelloskye\355.jpg,Object,9,24,209,195,Residential (Bathroom),,,,,
353,E:/Project_Yelloskye\356.jpg,Object,31,26,188,187,Residential (Bathroom),,,,,
354,E:/Project_Yelloskye\357.jpg,Object,67,10,101,208,Residential (Bathroom),,,,,
355,E:/Project_Yelloskye\358.jpg,Object,9,20,207,180,Residential (Bathroom),,,,,
356,E:/Project_Yelloskye\359.jpg,Object,14,23,203,179,Residential (Bathroom),,,,,
357,E:/Project_Yelloskye\360.jpg,Object,15,12,204,195,Residential (Bathroom),,,,,
358,E:/Project_Yelloskye\361.jpg,Object,8,5,202,204,Residential (Bathroom),,,,,
359,E:/Project_Yelloskye\362.jpg,Object,9,10,201,207,Residential (Bathroom),,,,,
360,E:/Project_Yelloskye\363.jpg,Object,13,26,192,183,Residential (Bathroom),,,,,
361,E:/Project_Yelloskye\364.jpg,Object,27,46,184,150,Residential (Bathroom),,,,,
362,E:/Project_Yelloskye\365.jpg,Object,15,47,200,153,Residential (Bathroom),,,,,
363,E:/Project_Yelloskye\366.jpg,Object,15,32,192,160,Residential (Bathroom),,,,,
364,E:/Project_Yelloskye\367.jpg,Object,8,17,197,196,Residential (Bathroom),,,,,
365,E:/Project_Yelloskye\368.jpg,Object,50,2,128,215,Residential (Bathroom),,,,,
366,E:/Project_Yelloskye\369.jpg,Object,24,6,186,213,Residential (Bathroom),,,,,
367,E:/Project_Yelloskye\370.jpg,Object,8,54,206,109,Residential (Bathroom),,,,,
368,E:/Project_Yelloskye\371.jpg,Object,50,2,126,214,Residential (Bathroom),,,,,
369,E:/Project_Yelloskye\372.jpg,Object,6,21,210,179,Residential (Bathroom),,,,,
370,E:/Project_Yelloskye\373.jpg,Object,8,9,209,205,Residential (Bathroom),,,,,
371,E:/Project_Yelloskye\374.jpg,Object,6,9,211,202,Residential (Bathroom),,,,,
372,E:/Project_Yelloskye\375.jpg,Object,16,29,201,182,Residential (Bathroom),,,,,
373,E:/Project_Yelloskye\376.jpg,Object,11,83,170,123,Residential (Bathroom),,,,,
374,E:/Project_Yelloskye\377.jpg,Object,56,101,148,111,Residential (Bathroom),,,,,
375,E:/Project_Yelloskye\378.jpg,Object,49,84,120,124,Residential (Bathroom),,,,,
376,E:/Project_Yelloskye\379.jpg,Object,12,30,136,169,Residential (Bathroom),,,,,
377,E:/Project_Yelloskye\380.jpg,Object,50,73,136,132,Residential (Bathroom),,,,,
378,E:/Project_Yelloskye\381.jpg,Object,38,110,132,97,Residential (Bathroom),,,,,
379,E:/Project_Yelloskye\382.jpg,Object,48,59,91,133,Residential (Bathroom),,,,,
380,E:/Project_Yelloskye\383.jpg,Object,67,90,76,118,Residential (Bathroom),,,,,
381,E:/Project_Yelloskye\384.jpg,Object,50,86,139,120,Residential (Bathroom),,,,,
382,E:/Project_Yelloskye\385.jpg,Object,47,80,97,138,Residential (Bathroom),,,,,
383,E:/Project_Yelloskye\386.jpg,Object,27,126,189,81,Residential (Bathroom),,,,,
384,E:/Project_Yelloskye\387.jpg,Object,57,41,108,172,Residential (Bathroom),,,,,
385,E:/Project_Yelloskye\388.jpg,Object,51,7,121,207,Residential (Bathroom),,,,,
386,E:/Project_Yelloskye\389.jpg,Object,18,62,188,145,Residential (Bathroom),,,,,
387,E:/Project_Yelloskye\390.jpg,Object,13,9,193,207,Residential (Bathroom),,,,,
388,E:/Project_Yelloskye\391.jpg,Object,12,69,137,133,Residential (Bathroom),,,,,
389,E:/Project_Yelloskye\392.jpg,Object,33,38,167,181,Residential (Bathroom),,,,,
390,E:/Project_Yelloskye\393.jpg,Object,10,64,209,147,Residential (Bathroom),,,,,
391,E:/Project_Yelloskye\394.jpg,Object,15,26,177,192,Residential (Bathroom),,,,,
392,E:/Project_Yelloskye\395.jpg,Object,17,8,202,202,Residential (Bathroom),,,,,
393,E:/Project_Yelloskye\396.jpg,Object,15,31,200,175,Residential (Bathroom),,,,,
394,E:/Project_Yelloskye\397.jpg,Object,16,21,194,187,Residential (Bathroom),,,,,
395,E:/Project_Yelloskye\398.jpg,Object,10,14,191,203,Residential (Bathroom),,,,,
396,E:/Project_Yelloskye\399.jpg,Object,5,16,212,198,Residential (Bathroom),,,,,
397,E:/Project_Yelloskye\400.jpg,Object,66,8,92,208,Residential (Bathroom),,,,,
398,E:/Project_Yelloskye\401.jpg,Object,55,11,114,201,Residential (Bathroom),,,,,
399,E:/Project_Yelloskye\402.jpg,Object,7,17,215,198,Residential (Bathroom),,,,,
400,E:/Project_Yelloskye\403.jpg,Object,64,7,92,212,Residential (Bathroom),,,,,
401,E:/Project_Yelloskye\404.jpg,Object,23,20,190,167,Residential (Bathroom),,,,,
402,E:/Project_Yelloskye\405.jpg,Object,9,15,207,195,Residential (Bathroom),,,,,
403,E:/Project_Yelloskye\406.jpg,Object,50,19,125,197,Residential (Bathroom),,,,,
404,E:/Project_Yelloskye\407.jpg,Object,9,6,215,215,Residential (Bathroom),,,,,
405,E:/Project_Yelloskye\408.jpg,Object,5,9,213,207,Residential (Bathroom),,,,,
406,E:/Project_Yelloskye\409.jpg,Object,10,18,210,184,Residential (Bathroom),,,,,
407,E:/Project_Yelloskye\410.jpg,Object,16,16,194,201,Residential (Bathroom),,,,,
408,E:/Project_Yelloskye\411.jpg,Object,10,36,206,164,Residential (Bathroom),,,,,
409,E:/Project_Yelloskye\412.jpg,Object,10,22,195,190,Residential (Bathroom),,,,,
410,E:/Project_Yelloskye\413.jpg,Object,21,26,199,174,Residential (Bathroom),,,,,
411,E:/Project_Yelloskye\414.jpg,Object,24,34,178,159,Residential (Bathroom),,,,,
412,E:/Project_Yelloskye\415.jpg,Object,54,8,117,210,Residential (Bathroom),,,,,
413,E:/Project_Yelloskye\416.jpg,Object,8,6,203,212,Residential (Bathroom),,,,,
414,E:/Project_Yelloskye\417.jpg,Object,6,27,199,182,Residential (Bathroom),,,,,
415,E:/Project_Yelloskye\418.jpg,Object,12,25,208,182,Residential (Bathroom),,,,,
416,E:/Project_Yelloskye\419.jpg,Object,57,13,107,203,Residential (Bathroom),,,,,
417,E:/Project_Yelloskye\420.jpg,Object,8,41,203,178,Residential (Bathroom),,,,,
418,E:/Project_Yelloskye\421.jpg,Object,9,40,190,164,Residential (Bathroom),,,,,
419,E:/Project_Yelloskye\422.jpg,Object,23,13,193,204,Residential (Bathroom),,,,,
420,E:/Project_Yelloskye\423.jpg,Object,41,62,174,146,Residential (Bathroom),,,,,
421,E:/Project_Yelloskye\424.jpg,Object,11,23,200,162,Residential (Bathroom),,,,,
422,E:/Project_Yelloskye\425.jpg,Object,12,44,176,162,Residential (Bathroom),,,,,
423,E:/Project_Yelloskye\426.jpg,Object,54,12,115,195,Residential (Bathroom),,,,,
424,E:/Project_Yelloskye\427.jpg,Object,16,77,201,122,Residential (Bathroom),,,,,
425,E:/Project_Yelloskye\428.jpg,Object,8,50,175,158,Residential (Bathroom),,,,,
426,E:/Project_Yelloskye\429.jpg,Object,56,69,117,142,Residential (Bathroom),,,,,
427,E:/Project_Yelloskye\430.jpg,Object,25,47,183,160,Residential (Bathroom),,,,,
428,E:/Project_Yelloskye\431.jpg,Object,24,18,195,197,Residential (Bathroom),,,,,
429,E:/Project_Yelloskye\432.jpg,Object,12,19,205,193,Residential (Bathroom),,,,,
430,E:/Project_Yelloskye\433.jpg,Object,7,55,207,155,Residential (Bathroom),,,,,
431,E:/Project_Yelloskye\434.jpg,Object,14,26,194,191,Residential (Bathroom),,,,,
432,E:/Project_Yelloskye\435.jpg,Object,44,60,176,152,Residential (Bathroom),,,,,
433,E:/Project_Yelloskye\436.jpg,Object,41,63,145,137,Residential (Bathroom),,,,,
434,E:/Project_Yelloskye\437.jpg,Object,18,92,186,122,Residential (Bathroom),,,,,
435,E:/Project_Yelloskye\438.jpg,Object,2,19,219,184,Residential (Bathroom),,,,,
436,E:/Project_Yelloskye\439.jpg,Object,7,74,205,137,Residential (Bathroom),,,,,
437,E:/Project_Yelloskye\440.jpg,Object,64,37,105,180,Residential (Bathroom),,,,,
438,E:/Project_Yelloskye\441.jpg,Object,18,98,114,105,Residential (Bathroom),,,,,
439,E:/Project_Yelloskye\442.jpg,Object,27,73,164,130,Residential (Bathroom),,,,,
440,E:/Project_Yelloskye\443.jpg,Object,8,77,194,131,Residential (Bathroom),,,,,
441,E:/Project_Yelloskye\444.jpg,Object,16,72,199,124,Residential (Bathroom),,,,,
442,E:/Project_Yelloskye\445.jpg,Object,40,69,177,147,Residential (Bathroom),,,,,
443,E:/Project_Yelloskye\446.jpg,Object,8,65,160,139,Residential (Bathroom),,,,,
444,E:/Project_Yelloskye\447.jpg,Object,47,61,167,154,Residential (Bathroom),,,,,
445,E:/Project_Yelloskye\448.jpg,Object,50,6,129,210,Residential (Bathroom),,,,,
446,E:/Project_Yelloskye\449.jpg,Object,21,6,186,201,Residential (Bathroom),,,,,
447,E:/Project_Yelloskye\450.jpg,Object,11,23,189,173,Residential (Bathroom),,,,,
448,E:/Project_Yelloskye\451.jpg,Object,50,67,119,131,Residential (Bathroom),,,,,
449,E:/Project_Yelloskye\452.jpg,Object,10,78,55,117,Residential (Bathroom),,,,,
450,E:/Project_Yelloskye\453.jpg,Object,27,27,175,173,Residential (Bathroom),,,,,
451,E:/Project_Yelloskye\454.jpg,Object,8,26,212,181,Residential (Bathroom),,,,,
452,E:/Project_Yelloskye\455.jpg,Object,9,23,97,193,Residential (Bathroom),,,,,
453,E:/Project_Yelloskye\456.jpg,Object,71,8,86,208,Residential (Bathroom),,,,,
454,E:/Project_Yelloskye\457.jpg,Object,24,27,192,191,Residential (Bathroom),,,,,
455,E:/Project_Yelloskye\458.jpg,Object,53,7,119,213,Residential (Bathroom),,,,,
456,E:/Project_Yelloskye\459.jpg,Object,5,35,215,182,Residential (Bathroom),,,,,
457,E:/Project_Yelloskye\460.jpg,Object,11,23,202,184,Residential (Bathroom),,,,,
458,E:/Project_Yelloskye\461.jpg,Object,10,20,209,188,Residential (Bathroom),,,,,
459,E:/Project_Yelloskye\462.jpg,Object,7,10,208,204,Residential (Bathroom),,,,,
460,E:/Project_Yelloskye\463.jpg,Object,9,9,209,200,Residential (Bathroom),,,,,
461,E:/Project_Yelloskye\464.jpg,Object,11,15,201,195,Residential (Bathroom),,,,,
462,E:/Project_Yelloskye\465.jpg,Object,19,64,190,143,Residential (Bathroom),,,,,
463,E:/Project_Yelloskye\466.jpg,Object,12,34,202,165,Residential (Bathroom),,,,,
464,E:/Project_Yelloskye\467.jpg,Object,8,15,214,192,Residential (Bathroom),,,,,
465,E:/Project_Yelloskye\468.jpg,Object,11,28,205,176,Residential (Bathroom),,,,,
466,E:/Project_Yelloskye\469.jpg,Object,13,29,200,182,Residential (Bathroom),,,,,
467,E:/Project_Yelloskye\470.jpg,Object,54,21,121,196,Residential (Bathroom),,,,,
468,E:/Project_Yelloskye\471.jpg,Object,54,50,206,156,Residential (Bathroom),,,,,
469,E:/Project_Yelloskye\472.jpg,Object,12,29,200,178,Residential (Bathroom),,,,,
470,E:/Project_Yelloskye\473.jpg,Object,16,32,193,188,Residential (Bathroom),,,,,
471,E:/Project_Yelloskye\474.jpg,Object,14,15,200,187,Residential (Bathroom),,,,,
472,E:/Project_Yelloskye\475.jpg,Object,6,17,208,192,Residential (Bathroom),,,,,
473,E:/Project_Yelloskye\476.jpg,Object,31,15,185,196,Residential (Bathroom),,,,,
474,E:/Project_Yelloskye\477.jpg,Object,15,12,204,203,Residential (Bathroom),,,,,
475,E:/Project_Yelloskye\478.jpg,Object,69,14,88,198,Residential (Bathroom),,,,,
476,E:/Project_Yelloskye\479.jpg,Object,59,28,110,190,Residential (Bathroom),,,,,
477,E:/Project_Yelloskye\480.jpg,Object,10,51,203,169,Residential (Bathroom),,,,,
478,E:/Project_Yelloskye\481.jpg,Object,12,32,203,157,Residential (Bathroom),,,,,
479,E:/Project_Yelloskye\482.jpg,Object,15,12,202,201,Residential (Bathroom),,,,,
480,E:/Project_Yelloskye\483.jpg,Object,9,47,207,141,Residential (Bathroom),,,,,
481,E:/Project_Yelloskye\484.jpg,Object,8,21,202,185,Residential (Bathroom),,,,,
482,E:/Project_Yelloskye\485.jpg,Object,9,61,200,143,Residential (Bathroom),,,,,
483,E:/Project_Yelloskye\486.jpg,Object,11,47,192,169,Residential (Bathroom),,,,,
484,E:/Project_Yelloskye\487.jpg,Object,9,51,200,162,Residential (Bathroom),,,,,
485,E:/Project_Yelloskye\488.jpg,Object,47,14,128,201,Residential (Bathroom),,,,,
486,E:/Project_Yelloskye\489.jpg,Object,5,22,212,193,Residential (Bathroom),,,,,
487,E:/Project_Yelloskye\490.jpg,Object,10,13,209,203,Residential (Bathroom),,,,,
488,E:/Project_Yelloskye\491.jpg,Object,12,25,201,177,Residential (Bathroom),,,,,
489,E:/Project_Yelloskye\492.jpg,Object,5,15,205,207,Residential (Bathroom),,,,,
490,E:/Project_Yelloskye\493.jpg,Object,9,5,208,209,Residential (Bathroom),,,,,
491,E:/Project_Yelloskye\494.jpg,Object,76,22,74,180,Residential (Bathroom),,,,,
492,E:/Project_Yelloskye\495.jpg,Object,2,18,219,201,Residential (Bathroom),,,,,
493,E:/Project_Yelloskye\496.jpg,Object,10,14,203,186,Residential (Bathroom),,,,,
494,E:/Project_Yelloskye\497.jpg,Object,4,54,184,128,Residential (Bathroom),,,,,
495,E:/Project_Yelloskye\498.jpg,Object,35,32,148,183,Residential (Bathroom),,,,,
496,E:/Project_Yelloskye\499.jpg,Object,20,47,197,145,Residential (Bathroom),,,,,
497,E:/Project_Yelloskye\500.jpg,Object,20,92,176,103,Residential (Bathroom),,,,,
498,E:/Project_Yelloskye\501.jpg,Object,9,27,210,174,Residential (Bathroom),,,,,
499,E:/Project_Yelloskye\502.jpg,Object,10,29,207,175,Residential (Bathroom),,,,,
500,E:/Project_Yelloskye\503.jpg,Object,14,33,199,172,Residential (Bathroom),,,,,
501,E:/Project_Yelloskye\504.jpg,Object,9,22,205,195,Residential (Bedroom),,,,,
502,E:/Project_Yelloskye\505.jpg,Object,12,20,202,190,Residential (Bedroom),,,,,
503,E:/Project_Yelloskye\506.jpg,Object,7,21,210,192,Residential (Bedroom),,,,,
504,E:/Project_Yelloskye\507.jpg,Object,13,43,200,169,Residential (Bedroom),,,,,
505,E:/Project_Yelloskye\508.jpg,Object,20,17,191,198,Residential (Bedroom),,,,,
506,E:/Project_Yelloskye\509.jpg,Object,5,11,214,200,Residential (Bedroom),,,,,
507,E:/Project_Yelloskye\510.jpg,Object,11,9,192,207,Residential (Bedroom),,,,,
508,E:/Project_Yelloskye\511.jpg,Object,6,8,212,207,Residential (Bedroom),,,,,
509,E:/Project_Yelloskye\512.jpg,Object,7,22,211,183,Residential (Bedroom),,,,,
510,E:/Project_Yelloskye\513.jpg,Object,6,35,209,166,Residential (Bedroom),,,,,
511,E:/Project_Yelloskye\514.jpg,Object,20,60,183,110,Residential (Bedroom),,,,,
512,E:/Project_Yelloskye\515.jpg,Object,11,10,205,209,Residential (Bedroom),,,,,
513,E:/Project_Yelloskye\516.jpg,Object,16,36,196,178,Residential (Bedroom),,,,,
514,E:/Project_Yelloskye\517.jpg,Object,4,15,215,200,Residential (Bedroom),,,,,
515,E:/Project_Yelloskye\518.jpg,Object,8,8,213,207,Residential (Bedroom),,,,,
516,E:/Project_Yelloskye\519.jpg,Object,11,14,208,202,Residential (Bedroom),,,,,
517,E:/Project_Yelloskye\520.jpg,Object,6,11,213,206,Residential (Bedroom),,,,,
518,E:/Project_Yelloskye\521.jpg,Object,8,13,206,200,Residential (Bedroom),,,,,
519,E:/Project_Yelloskye\522.jpg,Object,12,8,204,201,Residential (Bedroom),,,,,
520,E:/Project_Yelloskye\523.jpg,Object,6,21,211,189,Residential (Bedroom),,,,,
521,E:/Project_Yelloskye\524.jpg,Object,7,29,203,178,Residential (Bedroom),,,,,
522,E:/Project_Yelloskye\525.jpg,Object,14,66,129,115,Residential (Bedroom),,,,,
523,E:/Project_Yelloskye\526.jpg,Object,20,22,191,178,Residential (Bedroom),,,,,
524,E:/Project_Yelloskye\527.jpg,Object,12,33,203,182,Residential (Bedroom),,,,,
525,E:/Project_Yelloskye\528.jpg,Object,9,44,194,153,Residential (Bedroom),,,,,
526,E:/Project_Yelloskye\529.jpg,Object,11,40,201,142,Residential (Bedroom),,,,,
527,E:/Project_Yelloskye\530.jpg,Object,14,53,192,158,Residential (Bedroom),,,,,
528,E:/Project_Yelloskye\531.jpg,Object,6,13,206,194,Residential (Bedroom),,,,,
529,E:/Project_Yelloskye\532.jpg,Object,11,32,206,172,Residential (Bedroom),,,,,
530,E:/Project_Yelloskye\533.jpg,Object,9,13,207,205,Residential (Bedroom),,,,,
531,E:/Project_Yelloskye\534.jpg,Object,6,30,212,180,Residential (Bedroom),,,,,
532,E:/Project_Yelloskye\535.jpg,Object,8,26,174,190,Residential (Bedroom),,,,,
533,E:/Project_Yelloskye\536.jpg,Object,49,9,127,206,Residential (Bedroom),,,,,
534,E:/Project_Yelloskye\537.jpg,Object,10,43,211,165,Residential (Bedroom),,,,,
535,E:/Project_Yelloskye\538.jpg,Object,10,35,208,158,Residential (Bedroom),,,,,
536,E:/Project_Yelloskye\539.jpg,Object,4,17,216,188,Residential (Bedroom),,,,,
537,E:/Project_Yelloskye\540.jpg,Object,6,20,212,187,Residential (Bedroom),,,,,
538,E:/Project_Yelloskye\541.jpg,Object,10,8,208,210,Residential (Bedroom),,,,,
539,E:/Project_Yelloskye\542.jpg,Object,6,10,211,197,Residential (Bedroom),,,,,
540,E:/Project_Yelloskye\543.jpg,Object,12,10,203,207,Residential (Bedroom),,,,,
541,E:/Project_Yelloskye\544.jpg,Object,12,29,205,184,Residential (Bedroom),,,,,
542,E:/Project_Yelloskye\545.jpg,Object,7,45,212,153,Residential (Bedroom),,,,,
543,E:/Project_Yelloskye\546.jpg,Object,20,14,197,194,Residential (Bedroom),,,,,
544,E:/Project_Yelloskye\546.jpg,Object,201,1,197,194,Residential (Bedroom),,,,,
545,E:/Project_Yelloskye\547.jpg,Object,7,11,215,205,Residential (Bedroom),,,,,
546,E:/Project_Yelloskye\548.jpg,Object,7,11,212,200,Residential (Bedroom),,,,,
547,E:/Project_Yelloskye\549.jpg,Object,6,11,213,200,Residential (Bedroom),,,,,
548,E:/Project_Yelloskye\550.jpg,Object,5,24,212,180,Residential (Bedroom),,,,,
549,E:/Project_Yelloskye\551.jpg,Object,13,14,204,202,Residential (Bedroom),,,,,
550,E:/Project_Yelloskye\552.jpg,Object,8,23,208,188,Residential (Bedroom),,,,,
551,E:/Project_Yelloskye\553.jpg,Object,14,15,195,184,Residential (Bedroom),,,,,
552,E:/Project_Yelloskye\554.jpg,Object,14,24,196,186,Residential (Bedroom),,,,,
553,E:/Project_Yelloskye\555.jpg,Object,9,43,206,172,Residential (Bedroom),,,,,
554,E:/Project_Yelloskye\556.jpg,Object,9,26,209,178,Residential (Bedroom),,,,,
555,E:/Project_Yelloskye\557.jpg,Object,13,25,201,177,Residential (Bedroom),,,,,
556,E:/Project_Yelloskye\558.jpg,Object,16,22,191,164,Residential (Bedroom),,,,,
557,E:/Project_Yelloskye\559.jpg,Object,13,37,197,158,Residential (Bedroom),,,,,
558,E:/Project_Yelloskye\560.jpg,Object,25,42,177,149,Residential (Bedroom),,,,,
559,E:/Project_Yelloskye\561.jpg,Object,12,14,205,200,Residential (Bedroom),,,,,
560,E:/Project_Yelloskye\562.jpg,Object,15,26,200,188,Residential (Bedroom),,,,,
561,E:/Project_Yelloskye\563.jpg,Object,8,39,203,171,Residential (Bedroom),,,,,
562,E:/Project_Yelloskye\564.jpg,Object,14,20,200,193,Residential (Bedroom),,,,,
563,E:/Project_Yelloskye\565.jpg,Object,6,24,213,188,Residential (Bedroom),,,,,
564,E:/Project_Yelloskye\566.jpg,Object,6,11,213,203,Residential (Bedroom),,,,,
565,E:/Project_Yelloskye\567.jpg,Object,9,9,210,200,Residential (Bedroom),,,,,
566,E:/Project_Yelloskye\568.jpg,Object,7,29,211,179,Residential (Bedroom),,,,,
567,E:/Project_Yelloskye\569.jpg,Object,7,18,208,188,Residential (Bedroom),,,,,
568,E:/Project_Yelloskye\570.jpg,Object,4,54,199,156,Residential (Bedroom),,,,,
569,E:/Project_Yelloskye\571.jpg,Object,11,15,199,205,Residential (Bedroom),,,,,
570,E:/Project_Yelloskye\572.jpg,Object,8,24,207,176,Residential (Bedroom),,,,,
571,E:/Project_Yelloskye\573.jpg,Object,9,26,204,173,Residential (Bedroom),,,,,
572,E:/Project_Yelloskye\574.jpg,Object,17,48,160,163,Residential (Bedroom),,,,,
573,E:/Project_Yelloskye\575.jpg,Object,18,32,194,168,Residential (Bedroom),,,,,
574,E:/Project_Yelloskye\576.jpg,Object,10,43,208,154,Residential (Bedroom),,,,,
575,E:/Project_Yelloskye\577.jpg,Object,14,39,186,159,Residential (Bedroom),,,,,
576,E:/Project_Yelloskye\578.jpg,Object,9,19,207,182,Residential (Bedroom),,,,,
577,E:/Project_Yelloskye\579.jpg,Object,12,28,197,185,Residential (Bedroom),,,,,
578,E:/Project_Yelloskye\580.jpg,Object,16,24,201,174,Residential (Bedroom),,,,,
579,E:/Project_Yelloskye\581.jpg,Object,20,42,181,162,Residential (Bedroom),,,,,
580,E:/Project_Yelloskye\582.jpg,Object,14,34,198,168,Residential (Bedroom),,,,,
581,E:/Project_Yelloskye\583.jpg,Object,10,42,193,161,Residential (Bedroom),,,,,
582,E:/Project_Yelloskye\584.jpg,Object,18,61,196,130,Residential (Bedroom),,,,,
583,E:/Project_Yelloskye\585.jpg,Object,6,27,208,174,Residential (Bedroom),,,,,
584,E:/Project_Yelloskye\586.jpg,Object,15,8,191,201,Residential (Bedroom),,,,,
585,E:/Project_Yelloskye\587.jpg,Object,7,14,213,198,Residential (Bedroom),,,,,
586,E:/Project_Yelloskye\588.jpg,Object,15,19,196,189,Residential (Bedroom),,,,,
587,E:/Project_Yelloskye\589.jpg,Object,15,38,184,167,Residential (Bedroom),,,,,
588,E:/Project_Yelloskye\590.jpg,Object,34,22,169,172,Residential (Bedroom),,,,,
589,E:/Project_Yelloskye\591.jpg,Object,12,34,191,166,Residential (Bedroom),,,,,
590,E:/Project_Yelloskye\592.jpg,Object,36,42,164,164,Residential (Bedroom),,,,,
591,E:/Project_Yelloskye\593.jpg,Object,55,69,157,110,Residential (Bedroom),,,,,
592,E:/Project_Yelloskye\594.jpg,Object,12,16,201,199,Residential (Bedroom),,,,,
593,E:/Project_Yelloskye\595.jpg,Object,11,25,200,174,Residential (Bedroom),,,,,
594,E:/Project_Yelloskye\596.jpg,Object,13,13,199,193,Residential (Bedroom),,,,,
595,E:/Project_Yelloskye\597.jpg,Object,4,17,206,198,Residential (Bedroom),,,,,
596,E:/Project_Yelloskye\598.jpg,Object,16,24,193,177,Residential (Bedroom),,,,,
597,E:/Project_Yelloskye\599.jpg,Object,5,48,196,134,Residential (Bedroom),,,,,
598,E:/Project_Yelloskye\600.jpg,Object,4,6,214,199,Residential (Bedroom),,,,,
599,E:/Project_Yelloskye\601.jpg,Object,5,19,207,200,Residential (Bedroom),,,,,
600,E:/Project_Yelloskye\602.jpg,Object,20,17,195,193,Residential (Bedroom),,,,,
601,E:/Project_Yelloskye\603.jpg,Object,13,13,212,200,Residential (Bedroom),,,,,
602,E:/Project_Yelloskye\604.jpg,Object,15,19,201,194,Residential (Bedroom),,,,,
603,E:/Project_Yelloskye\605.jpg,Object,15,26,186,191,Residential (Bedroom),,,,,
604,E:/Project_Yelloskye\606.jpg,Object,23,31,186,173,Residential (Bedroom),,,,,
605,E:/Project_Yelloskye\607.jpg,Object,28,25,191,191,Residential (Bedroom),,,,,
606,E:/Project_Yelloskye\608.jpg,Object,16,33,180,177,Residential (Bedroom),,,,,
607,E:/Project_Yelloskye\609.jpg,Object,25,18,180,197,Residential (Bedroom),,,,,
608,E:/Project_Yelloskye\610.jpg,Object,30,14,178,202,Residential (Bedroom),,,,,
609,E:/Project_Yelloskye\611.jpg,Object,7,10,210,201,Residential (Bedroom),,,,,
610,E:/Project_Yelloskye\612.jpg,Object,10,16,207,197,Residential (Bedroom),,,,,
611,E:/Project_Yelloskye\613.jpg,Object,7,30,209,175,Residential (Bedroom),,,,,
612,E:/Project_Yelloskye\614.jpg,Object,18,19,198,194,Residential (Bedroom),,,,,
613,E:/Project_Yelloskye\615.jpg,Object,9,25,205,182,Residential (Bedroom),,,,,
614,E:/Project_Yelloskye\616.jpg,Object,7,27,211,180,Residential (Bedroom),,,,,
615,E:/Project_Yelloskye\617.jpg,Object,10,51,206,138,Residential (Bedroom),,,,,
616,E:/Project_Yelloskye\618.jpg,Object,10,27,202,176,Residential (Bedroom),,,,,
617,E:/Project_Yelloskye\619.jpg,Object,14,20,194,196,Residential (Bedroom),,,,,
618,E:/Project_Yelloskye\620.jpg,Object,17,25,202,181,Residential (Bedroom),,,,,
619,E:/Project_Yelloskye\621.jpg,Object,11,13,211,204,Residential (Bedroom),,,,,
620,E:/Project_Yelloskye\622.jpg,Object,10,23,207,180,Residential (Bedroom),,,,,
621,E:/Project_Yelloskye\623.jpg,Object,11,18,203,193,Residential (Bedroom),,,,,
622,E:/Project_Yelloskye\624.jpg,Object,10,28,197,178,Residential (Bedroom),,,,,
623,E:/Project_Yelloskye\625.jpg,Object,11,21,200,190,Residential (Bedroom),,,,,
624,E:/Project_Yelloskye\626.jpg,Object,10,27,202,174,Residential (Bedroom),,,,,
625,E:/Project_Yelloskye\627.jpg,Object,12,20,207,183,Residential (Bedroom),,,,,
626,E:/Project_Yelloskye\628.jpg,Object,9,14,204,200,Residential (Bedroom),,,,,
627,E:/Project_Yelloskye\629.jpg,Object,8,26,192,174,Residential (Bedroom),,,,,
628,E:/Project_Yelloskye\630.jpg,Object,14,18,202,195,Residential (Bedroom),,,,,
629,E:/Project_Yelloskye\631.jpg,Object,18,28,197,182,Residential (Bedroom),,,,,
630,E:/Project_Yelloskye\632.jpg,Object,24,26,174,174,Residential (Bedroom),,,,,
631,E:/Project_Yelloskye\633.jpg,Object,9,31,206,163,Residential (Kitchen),,,,,
632,E:/Project_Yelloskye\634.jpg,Object,7,14,216,185,Residential (Kitchen),,,,,
633,E:/Project_Yelloskye\634.jpg,Object,7,14,216,185,Residential (Kitchen),,,,,
634,E:/Project_Yelloskye\634.jpg,Object,7,14,216,185,Residential (Kitchen),,,,,
635,E:/Project_Yelloskye\635.jpg,Object,15,16,200,199,Residential (Kitchen),,,,,
636,E:/Project_Yelloskye\636.jpg,Object,11,22,205,189,Residential (Kitchen),,,,,
637,E:/Project_Yelloskye\637.jpg,Object,16,14,201,197,Residential (Kitchen),,,,,
638,E:/Project_Yelloskye\638.jpg,Object,8,35,208,156,Residential (Kitchen),,,,,
639,E:/Project_Yelloskye\639.jpg,Object,8,16,213,201,Residential (Kitchen),,,,,
640,E:/Project_Yelloskye\640.jpg,Object,16,19,201,182,Residential (Kitchen),,,,,
641,E:/Project_Yelloskye\641.jpg,Object,18,45,197,163,Residential (Kitchen),,,,,
642,E:/Project_Yelloskye\642.jpg,Object,27,21,190,180,Residential (Kitchen),,,,,
643,E:/Project_Yelloskye\643.jpg,Object,10,13,204,205,Residential (Kitchen),,,,,
644,E:/Project_Yelloskye\644.jpg,Object,8,9,210,211,Residential (Kitchen),,,,,
645,E:/Project_Yelloskye\645.jpg,Object,11,16,207,200,Residential (Kitchen),,,,,
646,E:/Project_Yelloskye\646.jpg,Object,11,14,203,195,Residential (Kitchen),,,,,
647,E:/Project_Yelloskye\647.jpg,Object,9,14,202,201,Residential (Kitchen),,,,,
648,E:/Project_Yelloskye\648.jpg,Object,10,14,203,199,Residential (Kitchen),,,,,
649,E:/Project_Yelloskye\649.jpg,Object,14,6,196,205,Residential (Kitchen),,,,,
650,E:/Project_Yelloskye\650.jpg,Object,10,19,204,193,Residential (Kitchen),,,,,
651,E:/Project_Yelloskye\651.jpg,Object,14,20,199,180,Residential (Kitchen),,,,,
652,E:/Project_Yelloskye\652.jpg,Object,8,47,204,167,Residential (Kitchen),,,,,
653,E:/Project_Yelloskye\653.jpg,Object,8,10,203,203,Residential (Kitchen),,,,,
654,E:/Project_Yelloskye\654.jpg,Object,13,14,197,201,Residential (Kitchen),,,,,
655,E:/Project_Yelloskye\655.jpg,Object,12,25,202,192,Residential (Kitchen),,,,,
656,E:/Project_Yelloskye\656.jpg,Object,9,25,202,186,Residential (Kitchen),,,,,
657,E:/Project_Yelloskye\657.jpg,Object,12,15,202,198,Residential (Kitchen),,,,,
658,E:/Project_Yelloskye\658.jpg,Object,12,40,202,148,Residential (Kitchen),,,,,
659,E:/Project_Yelloskye\659.jpg,Object,23,29,183,151,Residential (Kitchen),,,,,
660,E:/Project_Yelloskye\660.jpg,Object,4,20,208,192,Residential (Kitchen),,,,,
661,E:/Project_Yelloskye\661.jpg,Object,9,41,208,142,Residential (Kitchen),,,,,
662,E:/Project_Yelloskye\662.jpg,Object,11,18,202,194,Residential (Kitchen),,,,,
663,E:/Project_Yelloskye\663.jpg,Object,9,32,209,184,Residential (Kitchen),,,,,
664,E:/Project_Yelloskye\664.jpg,Object,11,39,203,148,Residential (Kitchen),,,,,
665,E:/Project_Yelloskye\665.jpg,Object,25,37,188,159,Residential (Kitchen),,,,,
666,E:/Project_Yelloskye\666.jpg,Object,10,20,205,189,Residential (Kitchen),,,,,
667,E:/Project_Yelloskye\667.jpg,Object,13,31,198,169,Residential (Kitchen),,,,,
668,E:/Project_Yelloskye\668.jpg,Object,8,12,206,194,Residential (Kitchen),,,,,
669,E:/Project_Yelloskye\669.jpg,Object,12,36,196,176,Residential (Kitchen),,,,,
670,E:/Project_Yelloskye\670.jpg,Object,20,59,169,137,Residential (Kitchen),,,,,
671,E:/Project_Yelloskye\671.jpg,Object,11,27,206,184,Residential (Kitchen),,,,,
672,E:/Project_Yelloskye\672.jpg,Object,5,50,210,148,Residential (Kitchen),,,,,
673,E:/Project_Yelloskye\673.jpg,Object,16,36,197,158,Residential (Kitchen),,,,,
674,E:/Project_Yelloskye\674.jpg,Object,7,22,212,183,Residential (Kitchen),,,,,
675,E:/Project_Yelloskye\675.jpg,Object,2,20,217,197,Residential (Kitchen),,,,,
676,E:/Project_Yelloskye\676.jpg,Object,18,48,196,138,Residential (Kitchen),,,,,
677,E:/Project_Yelloskye\677.jpg,Object,13,33,192,163,Residential (Kitchen),,,,,
678,E:/Project_Yelloskye\678.jpg,Object,14,21,194,192,Residential (Kitchen),,,,,
679,E:/Project_Yelloskye\679.jpg,Object,17,23,183,189,Residential (Kitchen),,,,,
680,E:/Project_Yelloskye\680.jpg,Object,17,14,193,203,Residential (Kitchen),,,,,
681,E:/Project_Yelloskye\681.jpg,Object,12,27,201,174,Residential (Kitchen),,,,,
682,E:/Project_Yelloskye\682.jpg,Object,13,31,199,165,Residential (Kitchen),,,,,
683,E:/Project_Yelloskye\683.jpg,Object,21,26,196,169,Residential (Kitchen),,,,,
684,E:/Project_Yelloskye\684.jpg,Object,14,30,198,152,Residential (Kitchen),,,,,
685,E:/Project_Yelloskye\685.jpg,Object,17,21,189,193,Residential (Kitchen),,,,,
686,E:/Project_Yelloskye\686.jpg,Object,11,31,199,181,Residential (Kitchen),,,,,
687,E:/Project_Yelloskye\687.jpg,Object,14,18,200,190,Residential (Kitchen),,,,,
688,E:/Project_Yelloskye\688.jpg,Object,15,34,194,170,Residential (Kitchen),,,,,
689,E:/Project_Yelloskye\689.jpg,Object,64,15,93,195,Residential (Kitchen),,,,,
690,E:/Project_Yelloskye\690.jpg,Object,12,33,202,180,Residential (Kitchen),,,,,
691,E:/Project_Yelloskye\691.jpg,Object,9,44,199,135,Residential (Kitchen),,,,,
692,E:/Project_Yelloskye\692.jpg,Object,23,48,178,147,Residential (Kitchen),,,,,
693,E:/Project_Yelloskye\693.jpg,Object,47,40,148,180,Residential (Kitchen),,,,,
694,E:/Project_Yelloskye\694.jpg,Object,51,7,119,210,Residential (Kitchen),,,,,
695,E:/Project_Yelloskye\695.jpg,Object,14,22,194,186,Residential (Kitchen),,,,,
696,E:/Project_Yelloskye\696.jpg,Object,25,66,174,141,Residential (Kitchen),,,,,
697,E:/Project_Yelloskye\697.jpg,Object,17,94,187,114,Residential (Kitchen),,,,,
698,E:/Project_Yelloskye\698.jpg,Object,26,29,193,178,Residential (Kitchen),,,,,
699,E:/Project_Yelloskye\699.jpg,Object,11,13,206,203,Residential (Kitchen),,,,,
700,E:/Project_Yelloskye\700.jpg,Object,10,27,203,178,Residential (Kitchen),,,,,
701,E:/Project_Yelloskye\701.jpg,Object,9,16,210,196,Residential (Kitchen),,,,,
702,E:/Project_Yelloskye\702.jpg,Object,16,13,203,204,Residential (Kitchen),,,,,
703,E:/Project_Yelloskye\703.jpg,Object,19,48,195,164,Residential (Kitchen),,,,,
704,E:/Project_Yelloskye\704.jpg,Object,23,54,177,153,Residential (Kitchen),,,,,
705,E:/Project_Yelloskye\705.jpg,Object,40,34,171,175,Residential (Kitchen),,,,,
706,E:/Project_Yelloskye\706.jpg,Object,20,24,193,185,Residential (Kitchen),,,,,
707,E:/Project_Yelloskye\707.jpg,Object,21,27,179,174,Residential (Kitchen),,,,,
708,E:/Project_Yelloskye\708.jpg,Object,9,22,210,180,Residential (Kitchen),,,,,
709,E:/Project_Yelloskye\709.jpg,Object,7,28,207,177,Residential (Kitchen),,,,,
710,E:/Project_Yelloskye\710.jpg,Object,8,36,199,172,Residential (Kitchen),,,,,
711,E:/Project_Yelloskye\711.jpg,Object,58,70,132,138,Residential (Kitchen),,,,,
712,E:/Project_Yelloskye\712.jpg,Object,30,43,175,172,Residential (Kitchen),,,,,
713,E:/Project_Yelloskye\713.jpg,Object,106,84,108,91,Residential (Kitchen),,,,,
714,E:/Project_Yelloskye\714.jpg,Object,26,12,187,209,Residential (Kitchen),,,,,
715,E:/Project_Yelloskye\715.jpg,Object,19,27,188,177,Residential (Kitchen),,,,,
716,E:/Project_Yelloskye\716.jpg,Object,18,34,188,164,Residential (Kitchen),,,,,
717,E:/Project_Yelloskye\717.jpg,Object,44,37,155,167,Residential (Kitchen),,,,,
718,E:/Project_Yelloskye\718.jpg,Object,5,35,199,164,Residential (Kitchen),,,,,
719,E:/Project_Yelloskye\719.jpg,Object,21,33,180,164,Residential (Kitchen),,,,,
720,E:/Project_Yelloskye\720.jpg,Object,14,28,191,180,Residential (Kitchen),,,,,
721,E:/Project_Yelloskye\721.jpg,Object,17,83,200,132,Residential (Kitchen),,,,,
722,E:/Project_Yelloskye\722.jpg,Object,5,72,202,120,Residential (Kitchen),,,,,
723,E:/Project_Yelloskye\723.jpg,Object,35,97,177,109,Residential (Kitchen),,,,,
724,E:/Project_Yelloskye\724.jpg,Object,17,19,191,184,Residential (Kitchen),,,,,
725,E:/Project_Yelloskye\725.jpg,Object,42,60,168,123,Residential (Kitchen),,,,,
726,E:/Project_Yelloskye\726.jpg,Object,20,41,195,149,Residential (Kitchen),,,,,
727,E:/Project_Yelloskye\727.jpg,Object,46,51,163,153,Residential (Kitchen),,,,,
728,E:/Project_Yelloskye\728.jpg,Object,20,45,192,154,Residential (Kitchen),,,,,
729,E:/Project_Yelloskye\729.jpg,Object,24,43,186,160,Residential (Kitchen),,,,,
730,E:/Project_Yelloskye\730.jpg,Object,25,23,190,183,Residential (Kitchen),,,,,
731,E:/Project_Yelloskye\731.jpg,Object,12,11,981,563,Solar Panel,,,,,
732,E:/Project_Yelloskye\732.jpg,Object,25,179,510,213,Solar Panel,,,,,
733,E:/Project_Yelloskye\733.jpg,Object,682,229,460,359,Solar Panel,,,,,
734,E:/Project_Yelloskye\734.jpg,Object,96,394,1049,223,Solar Panel,,,,,
735,E:/Project_Yelloskye\735.jpg,Object,665,385,518,231,Solar Panel,,,,,
736,E:/Project_Yelloskye\736.jpg,Object,167,520,323,95,Solar Panel,,,,,
737,E:/Project_Yelloskye\737.jpg,Object,1085,578,109,51,Solar Panel,,,,,
738,E:/Project_Yelloskye\738.jpg,Object,737,608,84,20,Solar Panel,,,,,
739,E:/Project_Yelloskye\739.jpg,Object,115,329,793,216,Solar Panel,,,,,
740,E:/Project_Yelloskye\740.jpg,Object,186,62,991,516,Solar Panel,,,,,
741,E:/Project_Yelloskye\741.jpg,Object,269,365,655,242,Solar Panel,,,,,
742,E:/Project_Yelloskye\742.jpg,Object,651,377,480,210,Solar Panel,,,,,
743,E:/Project_Yelloskye\743.jpg,Object,122,21,1173,608,Solar Panel,,,,,
744,E:/Project_Yelloskye\744.jpg,Object,289,80,881,544,Solar Panel,,,,,
745,E:/Project_Yelloskye\745.jpg,Object,750,389,302,215,Solar Panel,,,,,
746,E:/Project_Yelloskye\746.jpg,Object,467,325,587,224,Solar Panel,,,,,
747,E:/Project_Yelloskye\747.jpg,Object,308,205,617,323,Solar Panel,,,,,
748,E:/Project_Yelloskye\748.jpg,Object,358,79,617,514,Solar Panel,,,,,
749,E:/Project_Yelloskye\749.jpg,Object,574,248,603,266,Solar Panel,,,,,
750,E:/Project_Yelloskye\750.jpg,Object,163,131,670,128,Solar Panel,,,,,
751,E:/Project_Yelloskye\751.jpg,Object,387,212,342,172,Solar Panel,,,,,
752,E:/Project_Yelloskye\752.jpg,Object,227,224,286,97,Solar Panel,,,,,
753,E:/Project_Yelloskye\753.jpg,Object,195,262,465,144,Solar Panel,,,,,
754,E:/Project_Yelloskye\754.jpg,Object,455,201,256,178,Solar Panel,,,,,
755,E:/Project_Yelloskye\755.jpg,Object,221,111,707,416,Solar Panel,,,,,
756,E:/Project_Yelloskye\756.jpg,Object,354,137,695,389,Solar Panel,,,,,
757,E:/Project_Yelloskye\757.jpg,Object,310,166,364,394,Solar Panel,,,,,
758,E:/Project_Yelloskye\758.jpg,Object,246,207,267,199,Solar Panel,,,,,
759,E:/Project_Yelloskye\759.jpg,Object,235,234,1018,376,Solar Panel,,,,,
760,E:/Project_Yelloskye\760.jpg,Object,158,206,407,374,Solar Panel,,,,,
761,E:/Project_Yelloskye\761.jpg,Object,334,209,489,191,Solar Panel,,,,,
762,E:/Project_Yelloskye\762.jpg,Object,503,324,522,276,Solar Panel,,,,,
763,E:/Project_Yelloskye\763.jpg,Object,606,173,605,420,Solar Panel,,,,,
764,E:/Project_Yelloskye\764.jpg,Object,196,276,267,177,Solar Panel,,,,,
765,E:/Project_Yelloskye\765.jpg,Object,109,34,136,105,Solar Panel,,,,,
766,E:/Project_Yelloskye\766.jpg,Object,179,210,77,89,Solar Panel,,,,,
767,E:/Project_Yelloskye\767.jpg,Object,294,317,227,126,Solar Panel,,,,,
768,E:/Project_Yelloskye\768.jpg,Object,511,217,222,273,Solar Panel,,,,,
769,E:/Project_Yelloskye\769.jpg,Object,314,97,609,403,Solar Panel,,,,,
770,E:/Project_Yelloskye\770.jpg,Object,242,109,662,407,Solar Panel,,,,,
771,E:/Project_Yelloskye\771.jpg,Object,336,166,640,347,Solar Panel,,,,,
772,E:/Project_Yelloskye\772.jpg,Object,365,478,216,117,Solar Panel,,,,,
773,E:/Project_Yelloskye\773.jpg,Object,815,411,245,192,Solar Panel,,,,,
774,E:/Project_Yelloskye\774.jpg,Object,605,230,226,184,Solar Panel,,,,,
775,E:/Project_Yelloskye\775.jpg,Object,286,222,594,365,Solar Panel,,,,,
776,E:/Project_Yelloskye\776.jpg,Object,630,68,319,165,Solar Panel,,,,,
777,E:/Project_Yelloskye\777.jpg,Object,497,258,387,307,Solar Panel,,,,,
778,E:/Project_Yelloskye\778.jpg,Object,173,319,364,231,Solar Panel,,,,,
779,E:/Project_Yelloskye\779.jpg,Object,382,142,532,319,Solar Panel,,,,,
780,E:/Project_Yelloskye\780.jpg,Object,344,310,316,237,Solar Panel,,,,,
781,E:/Project_Yelloskye\781.jpg,Object,455,160,515,385,Solar Panel,,,,,
782,E:/Project_Yelloskye\782.jpg,Object,507,366,239,190,Solar Panel,,,,,
783,E:/Project_Yelloskye\783.jpg,Object,912,333,280,236,Solar Panel,,,,,
784,E:/Project_Yelloskye\784.jpg,Object,529,247,514,314,Solar Panel,,,,,
785,E:/Project_Yelloskye\785.jpg,Object,566,316,516,224,Solar Panel,,,,,
786,E:/Project_Yelloskye\786.jpg,Object,499,256,382,301,Solar Panel,,,,,
787,E:/Project_Yelloskye\787.jpg,Object,123,64,241,192,Solar Panel,,,,,
788,E:/Project_Yelloskye\788.jpg,Object,566,370,318,216,Solar Panel,,,,,
789,E:/Project_Yelloskye\789.jpg,Object,629,401,452,201,Solar Panel,,,,,
790,E:/Project_Yelloskye\790.jpg,Object,690,461,275,148,Solar Panel,,,,,
791,E:/Project_Yelloskye\791.jpg,Object,452,227,584,325,Solar Panel,,,,,
792,E:/Project_Yelloskye\792.jpg,Object,347,371,348,257,Solar Panel,,,,,
793,E:/Project_Yelloskye\793.jpg,Object,300,318,407,284,Solar Panel,,,,,
794,E:/Project_Yelloskye\794.jpg,Object,152,274,467,290,Solar Panel,,,,,
795,E:/Project_Yelloskye\795.jpg,Object,445,227,281,284,Solar Panel,,,,,
796,E:/Project_Yelloskye\796.jpg,Object,255,55,663,484,Solar Panel,,,,,
797,E:/Project_Yelloskye\797.jpg,Object,299,72,762,382,Solar Panel,,,,,
798,E:/Project_Yelloskye\798.jpg,Object,288,90,347,331,Solar Panel,,,,,
799,E:/Project_Yelloskye\799.jpg,Object,717,209,396,321,Solar Panel,,,,,
800,E:/Project_Yelloskye\800.jpg,Object,264,158,368,392,Solar Panel,,,,,
801,E:/Project_Yelloskye\801.jpg,Object,207,83,832,459,Solar Panel,,,,,
802,E:/Project_Yelloskye\802.jpg,Object,132,66,434,305,Solar Panel,,,,,
803,E:/Project_Yelloskye\803.jpg,Object,110,43,147,106,Solar Panel,,,,,
804,E:/Project_Yelloskye\804.jpg,Object,278,203,688,327,Solar Panel,,,,,
805,E:/Project_Yelloskye\805.jpg,Object,225,60,448,424,Solar Panel,,,,,
806,E:/Project_Yelloskye\806.jpg,Object,164,65,361,289,Solar Panel,,,,,
807,E:/Project_Yelloskye\807.jpg,Object,478,268,426,254,Solar Panel,,,,,
808,E:/Project_Yelloskye\808.jpg,Object,227,131,254,188,Solar Panel,,,,,
809,E:/Project_Yelloskye\809.jpg,Object,642,195,409,330,Solar Panel,,,,,
810,E:/Project_Yelloskye\810.jpg,Object,121,44,140,99,Solar Panel,,,,,
811,E:/Project_Yelloskye\811.jpg,Object,560,206,565,279,Solar Panel,,,,,
812,E:/Project_Yelloskye\812.jpg,Object,145,64,606,371,Solar Panel,,,,,
813,E:/Project_Yelloskye\813.jpg,Object,164,62,574,471,Solar Panel,,,,,
814,E:/Project_Yelloskye\814.jpg,Object,132,19,332,299,Solar Panel,,,,,
815,E:/Project_Yelloskye\815.jpg,Object,303,116,489,376,Solar Panel,,,,,
816,E:/Project_Yelloskye\816.jpg,Object,124,120,163,161,Solar Panel,,,,,
817,E:/Project_Yelloskye\817.jpg,Object,209,247,734,261,Solar Panel,,,,,
818,E:/Project_Yelloskye\818.jpg,Object,167,77,269,227,Solar Panel,,,,,
819,E:/Project_Yelloskye\819.jpg,Object,380,120,179,250,Solar Panel,,,,,
820,E:/Project_Yelloskye\820.jpg,Object,325,87,185,97,Solar Panel,,,,,
821,E:/Project_Yelloskye\821.jpg,Object,309,94,300,298,Solar Panel,,,,,
822,E:/Project_Yelloskye\822.jpg,Object,94,47,60,74,Solar Panel,,,,,
823,E:/Project_Yelloskye\823.jpg,Object,117,45,97,87,Solar Panel,,,,,
824,E:/Project_Yelloskye\824.jpg,Object,137,57,74,84,Solar Panel,,,,,
825,E:/Project_Yelloskye\825.jpg,Object,117,42,124,87,Solar Panel,,,,,
826,E:/Project_Yelloskye\826.jpg,Object,124,83,97,59,Solar Panel,,,,,
827,E:/Project_Yelloskye\827.jpg,Object,110,97,65,66,Solar Panel,,,,,
828,E:/Project_Yelloskye\828.jpg,Object,119,23,104,70,Solar Panel,,,,,
829,E:/Project_Yelloskye\829.jpg,Object,249,86,303,289,Solar Panel,,,,,
830,E:/Project_Yelloskye\830.jpg,Object,218,107,198,167,Solar Panel,,,,,
831,E:/Project_Yelloskye\831.jpg,Object,234,387,1000,171,Staircase,,,,,
832,E:/Project_Yelloskye\832.jpg,Object,278,219,493,247,Staircase,,,,,
833,E:/Project_Yelloskye\833.jpg,Object,537,23,81,29,Staircase,,,,,
834,E:/Project_Yelloskye\834.jpg,Object,1091,243,262,33,Staircase,,,,,
835,E:/Project_Yelloskye\835.jpg,Object,567,207,759,186,Staircase,,,,,
836,E:/Project_Yelloskye\836.jpg,Object,388,360,919,220,Staircase,,,,,
837,E:/Project_Yelloskye\837.jpg,Object,593,296,720,306,Staircase,,,,,
838,E:/Project_Yelloskye\838.jpg,Object,949,145,340,158,Staircase,,,,,
839,E:/Project_Yelloskye\839.jpg,Object,322,307,274,144,Staircase,,,,,
840,E:/Project_Yelloskye\840.jpg,Object,796,356,304,174,Staircase,,,,,
841,E:/Project_Yelloskye\841.jpg,Object,879,504,467,105,Staircase,,,,,
842,E:/Project_Yelloskye\842.jpg,Object,826,197,504,194,Staircase,,,,,
843,E:/Project_Yelloskye\843.jpg,Object,737,578,482,24,Staircase,,,,,
844,E:/Project_Yelloskye\844.jpg,Object,775,518,543,75,Staircase,,,,,
845,E:/Project_Yelloskye\845.jpg,Object,789,183,359,258,Staircase,,,,,
846,E:/Project_Yelloskye\846.jpg,Object,569,452,177,78,Staircase,,,,,
847,E:/Project_Yelloskye\847.jpg,Object,159,294,174,169,Staircase,,,,,
848,E:/Project_Yelloskye\848.jpg,Object,366,283,352,177,Staircase,,,,,
849,E:/Project_Yelloskye\849.jpg,Object,711,343,264,181,Staircase,,,,,
850,E:/Project_Yelloskye\850.jpg,Object,981,429,163,103,Staircase,,,,,
851,E:/Project_Yelloskye\851.jpg,Object,961,340,236,178,Staircase,,,,,
852,E:/Project_Yelloskye\852.jpg,Object,1143,417,168,157,Staircase,,,,,
853,E:/Project_Yelloskye\853.jpg,Object,712,214,621,231,Staircase,,,,,
854,E:/Project_Yelloskye\854.jpg,Object,969,388,372,122,Staircase,,,,,
855,E:/Project_Yelloskye\855.jpg,Object,690,309,528,113,Staircase,,,,,
856,E:/Project_Yelloskye\856.jpg,Object,249,262,940,310,Staircase,,,,,
857,E:/Project_Yelloskye\857.jpg,Object,977,289,287,159,Staircase,,,,,
858,E:/Project_Yelloskye\858.jpg,Object,796,268,188,129,Staircase,,,,,
859,E:/Project_Yelloskye\859.jpg,Object,776,257,349,203,Staircase,,,,,
860,E:/Project_Yelloskye\860.jpg,Object,646,379,523,186,Staircase,,,,,
861,E:/Project_Yelloskye\861.jpg,Object,198,388,1081,184,Staircase,,,,,
862,E:/Project_Yelloskye\862.jpg,Object,663,265,207,164,Staircase,,,,,
863,E:/Project_Yelloskye\863.jpg,Object,940,298,363,288,Staircase,,,,,
864,E:/Project_Yelloskye\864.jpg,Object,447,227,885,382,Staircase,,,,,
865,E:/Project_Yelloskye\865.jpg,Object,452,161,823,456,Staircase,,,,,
866,E:/Project_Yelloskye\866.jpg,Object,497,144,749,457,Staircase,,,,,
867,E:/Project_Yelloskye\867.jpg,Object,1075,137,268,382,Staircase,,,,,
868,E:/Project_Yelloskye\868.jpg,Object,937,305,188,134,Staircase,,,,,
869,E:/Project_Yelloskye\869.jpg,Object,1101,246,210,182,Staircase,,,,,
870,E:/Project_Yelloskye\870.jpg,Object,1150,246,132,144,Staircase,,,,,
871,E:/Project_Yelloskye\871.jpg,Object,991,163,302,199,Staircase,,,,,
872,E:/Project_Yelloskye\872.jpg,Object,1247,187,81,442,Staircase,,,,,
873,E:/Project_Yelloskye\873.jpg,Object,389,102,430,342,Staircase,,,,,
874,E:/Project_Yelloskye\874.jpg,Object,648,222,670,322,Staircase,,,,,
875,E:/Project_Yelloskye\875.jpg,Object,1037,264,298,276,Staircase,,,,,
876,E:/Project_Yelloskye\876.jpg,Object,1099,399,235,205,Staircase,,,,,
877,E:/Project_Yelloskye\877.jpg,Object,290,263,342,247,Staircase,,,,,
878,E:/Project_Yelloskye\878.jpg,Object,819,264,455,306,Staircase,,,,,
879,E:/Project_Yelloskye\879.jpg,Object,313,308,113,98,Staircase,,,,,
880,E:/Project_Yelloskye\880.jpg,Object,719,236,262,169,Staircase,,,,,
881,E:/Project_Yelloskye\880.jpg,Object,719,236,262,169,Staircase,,,,,
882,E:/Project_Yelloskye\881.jpg,Object,1000,232,173,108,Staircase,,,,,
883,E:/Project_Yelloskye\882.jpg,Object,842,428,382,185,Staircase,,,,,
884,E:/Project_Yelloskye\883.jpg,Object,484,187,369,300,Staircase,,,,,
885,E:/Project_Yelloskye\884.jpg,Object,533,225,230,228,Staircase,,,,,
886,E:/Project_Yelloskye\885.jpg,Object,526,204,217,304,Staircase,,,,,
887,E:/Project_Yelloskye\886.jpg,Object,790,371,506,245,Staircase,,,,,
888,E:/Project_Yelloskye\887.jpg,Object,872,336,454,289,Staircase,,,,,
889,E:/Project_Yelloskye\888.jpg,Object,988,167,354,468,Staircase,,,,,
890,E:/Project_Yelloskye\889.jpg,Object,781,154,562,477,Staircase,,,,,
891,E:/Project_Yelloskye\890.jpg,Object,378,228,340,250,Staircase,,,,,
892,E:/Project_Yelloskye\891.jpg,Object,835,303,490,302,Staircase,,,,,
893,E:/Project_Yelloskye\892.jpg,Object,494,482,766,147,Staircase,,,,,
894,E:/Project_Yelloskye\893.jpg,Object,682,174,642,431,Staircase,,,,,
895,E:/Project_Yelloskye\894.jpg,Object,587,329,734,272,Staircase,,,,,
896,E:/Project_Yelloskye\895.jpg,Object,387,68,961,414,Staircase,,,,,
897,E:/Project_Yelloskye\896.jpg,Object,711,42,301,277,Staircase,,,,,
898,E:/Project_Yelloskye\897.jpg,Object,636,277,726,309,Staircase,,,,,
899,E:/Project_Yelloskye\898.jpg,Object,134,28,1196,574,Staircase,,,,,
900,E:/Project_Yelloskye\899.jpg,Object,584,133,573,331,Staircase,,,,,
901,E:/Project_Yelloskye\900.jpg,Object,604,195,680,350,Tower Crane,,,,,
902,E:/Project_Yelloskye\901.jpg,Object,139,48,349,335,Tower Crane,,,,,
903,E:/Project_Yelloskye\902.jpg,Object,32,26,518,592,Tower Crane,,,,,
904,E:/Project_Yelloskye\903.jpg,Object,22,22,482,600,Tower Crane,,,,,
905,E:/Project_Yelloskye\904.jpg,Object,19,26,496,598,Tower Crane,,,,,
906,E:/Project_Yelloskye\905.jpg,Object,33,22,453,583,Tower Crane,,,,,
907,E:/Project_Yelloskye\906.jpg,Object,47,15,431,596,Tower Crane,,,,,
908,E:/Project_Yelloskye\907.jpg,Object,42,18,433,602,Tower Crane,,,,,
909,E:/Project_Yelloskye\908.jpg,Object,29,13,459,609,Tower Crane,,,,,
910,E:/Project_Yelloskye\909.jpg,Object,18,16,519,582,Tower Crane,,,,,
911,E:/Project_Yelloskye\910.jpg,Object,15,19,505,575,Tower Crane,,,,,
912,E:/Project_Yelloskye\911.jpg,Object,17,5,554,597,Tower Crane,,,,,
913,E:/Project_Yelloskye\912.jpg,Object,15,20,529,588,Tower Crane,,,,,
914,E:/Project_Yelloskye\913.jpg,Object,19,22,537,587,Tower Crane,,,,,
915,E:/Project_Yelloskye\914.jpg,Object,8,16,548,583,Tower Crane,,,,,
916,E:/Project_Yelloskye\915.jpg,Object,26,23,513,574,Tower Crane,,,,,
917,E:/Project_Yelloskye\916.jpg,Object,21,19,520,583,Tower Crane,,,,,
918,E:/Project_Yelloskye\917.jpg,Object,15,26,516,574,Tower Crane,,,,,
919,E:/Project_Yelloskye\918.jpg,Object,30,24,511,571,Tower Crane,,,,,
920,E:/Project_Yelloskye\919.jpg,Object,22,25,519,576,Tree,,,,,
921,E:/Project_Yelloskye\920.jpg,Object,12,9,181,181,Tree,,,,,
922,E:/Project_Yelloskye\921.jpg,Object,9,19,188,173,Tree,,,,,
923,E:/Project_Yelloskye\922.jpg,Object,10,16,185,176,Tree,,,,,
924,E:/Project_Yelloskye\923.jpg,Object,11,16,189,173,Tree,,,,,
925,E:/Project_Yelloskye\924.jpg,Object,15,17,180,174,Tree,,,,,
926,E:/Project_Yelloskye\925.jpg,Object,12,19,179,173,Tree,,,,,
927,E:/Project_Yelloskye\926.jpg,Object,23,14,163,176,Tree,,,,,
928,E:/Project_Yelloskye\927.jpg,Object,23,12,92,158,Tree,,,,,
929,E:/Project_Yelloskye\928.jpg,Object,11,10,120,156,Tree,,,,,
930,E:/Project_Yelloskye\929.jpg,Object,18,17,101,147,Tree,,,,,
931,E:/Project_Yelloskye\930.jpg,Object,15,16,106,150,Tree,,,,,
932,E:/Project_Yelloskye\931.jpg,Object,13,14,117,152,Tree,,,,,
933,E:/Project_Yelloskye\932.jpg,Object,14,14,124,150,Tree,,,,,
934,E:/Project_Yelloskye\933.jpg,Object,12,13,117,155,Tree,,,,,
935,E:/Project_Yelloskye\934.jpg,Object,13,11,116,156,Tree,,,,,
936,E:/Project_Yelloskye\935.jpg,Object,9,12,123,158,Tree,,,,,
937,E:/Project_Yelloskye\936.jpg,Object,12,14,129,160,Tree,,,,,
938,E:/Project_Yelloskye\937.jpg,Object,16,9,136,165,Tree,,,,,
939,E:/Project_Yelloskye\938.jpg,Object,22,8,120,166,Tree,,,,,
940,E:/Project_Yelloskye\939.jpg,Object,9,14,152,160,Tree,,,,,
941,E:/Project_Yelloskye\940.jpg,Object,10,13,148,162,Tree,,,,,
942,E:/Project_Yelloskye\941.jpg,Object,12,12,143,160,Tree,,,,,
943,E:/Project_Yelloskye\942.jpg,Object,20,13,118,161,Tree,,,,,
944,E:/Project_Yelloskye\943.jpg,Object,13,10,133,162,Tree,,,,,
945,E:/Project_Yelloskye\944.jpg,Object,16,13,136,162,Tree,,,,,
946,E:/Project_Yelloskye\945.jpg,Object,16,11,134,160,Tree,,,,,
947,E:/Project_Yelloskye\946.jpg,Object,14,10,155,162,Water Tank,,,,,
948,E:/Project_Yelloskye\947.jpg,Object,214,73,175,296,Water Tank,,,,,
949,E:/Project_Yelloskye\948.jpg,Object,219,68,182,294,Water Tank,,,,,
950,E:/Project_Yelloskye\949.jpg,Object,229,84,160,274,Water Tank,,,,,
951,E:/Project_Yelloskye\950.jpg,Object,231,83,154,277,Water Tank,,,,,
952,E:/Project_Yelloskye\951.jpg,Object,230,86,158,273,Water Tank,,,,,
953,E:/Project_Yelloskye\952.jpg,Object,235,74,162,285,Water Tank,,,,,
954,E:/Project_Yelloskye\953.jpg,Object,237,86,148,272,Water Tank,,,,,
955,E:/Project_Yelloskye\954.jpg,Object,233,85,158,277,Water Tank,,,,,
956,E:/Project_Yelloskye\955.jpg,Object,223,87,174,267,Water Tank,,,,,
957,E:/Project_Yelloskye\956.jpg,Object,228,85,167,278,Water Tank,,,,,
958,E:/Project_Yelloskye\957.jpg,Object,238,78,148,284,Water Tank,,,,,
959,E:/Project_Yelloskye\958.jpg,Object,119,34,124,135,Water Tank,,,,,
960,E:/Project_Yelloskye\959.jpg,Object,145,37,84,134,Water Tank,,,,,
